Workbook

Sheet 75
A1: name1 | B1: name2 | C1: id1 | D1: id2 | E1: similarity_score | F1: Ok/no
A2: ahmed alâ€rawi | B2: ahmed al-rawi | C2: A5050245548 | D2: A5093769593 | E2: 92 | F2: ok | H2: % ok | I2: {=COUNTIF(F2:F509,"ok")/SUM(IF(ISBLANK(F2:F509),0,1))} -> 0.37401575 | J2: =COUNTIF(F2:F509,"ok") -> 190
A3: gail s anderson | B3: a m anderson | C3: A5046194198 | D3: A5043746917 | E3: 81 | F3: no | H3: % no | I3: {=COUNTIF(F2:F509,"no")/SUM(IF(ISBLANK(F2:F509),0,1))} -> 0.62598425 | J3: =COUNTIF(F2:F509,"no") -> 318
A4: gail s anderson | B4: aspen anderson | C4: A5046194198 | D4: A5019882570 | E4: 76 | F4: no
A5: d g armstrong | B5: kyle m armstrong | C5: A5109229854 | D5: A5071425274 | E5: 76 | F5: no
A6: vinÃ­cius c azevedo | B6: vinicius c azevedo | C6: A5112368463 | D6: A5103260690 | E6: 94 | F6: ok
A7: scott c anderson | B7: sean c anderson | C7: A5081601519 | D7: A5081686405 | E7: 77 | F7: no
A8: niloufar aran | B8: niloufar abhari | C8: A5086077761 | D8: A5034158753 | E8: 79 | F8: no
A9: a m anderson | B9: sean c anderson | C9: A5043746917 | D9: A5081686405 | E9: 81 | F9: no
A10: a m anderson | B10: aspen anderson | C10: A5043746917 | D10: A5019882570 | E10: 77 | F10: no
A11: joshua d alampi | B11: josh alampi | C11: A5005530879 | D11: A5064096264 | E11: 85 | F11: ok
A12: sean c anderson | B12: aspen anderson | C12: A5081686405 | D12: A5019882570 | E12: 83 | F12: no
A13: niloufar abhari | B13: neilofar amiri | C13: A5034158753 | D13: A5088404611 | E13: 76 | F13: no
A14: amirhossein alimohammadi | B14: amirhossein alizadehkhaledi | C14: A5035619284 | D14: A5019710534 | E14: 75 | F14: ok
A15: nadra ansari | B15: neda anvari | C15: A5058829130 | D15: A5085378218 | E15: 78 | F15: no
... A509: n zhang | B509: peng zhang | C509: A5061007955 | D509: A5100364110 | E509: 82 | F509: no

Sheet 78
A1: name1 | B1: name2 | C1: id1 | D1: id2 | E1: similarity_score | F1: ok/no
A2: ahmed alâ€rawi | B2: ahmed al-rawi | C2: A5050245548 | D2: A5093769593 | E2: 92 | F2: =IF(_xlfn.XLOOKUP(C2,'75'!$C$2:$C$509,'75'!$D$2:$D$509)=D2,'75'!F2) -> ok | H2: %ok | I2: =COUNTIF(F2:F339,"ok")/338 -> 0.40532544 | J2: =COUNTIF(F2:F339, "ok") -> 137
A3: gail s anderson | B3: a m anderson | C3: A5046194198 | D3: A5043746917 | E3: 81 | F3: =IF(_xlfn.XLOOKUP(C3,'75'!$C$2:$C$509,'75'!$D$2:$D$509)=D3,'75'!F3) -> no | H3: %no | I3: =COUNTIF(F2:F339, "no")/338 -> 0.59467456 | J3: =COUNTIF(F2:F339,"no") -> 201
A4: vinÃ­cius c azevedo | B4: vinicius c azevedo | C4: A5112368463 | D4: A5103260690 | E4: 94 | F4: =IF(_xlfn.XLOOKUP(C4,'75'!$C$2:$C$509,'75'!$D$2:$D$509)=D4,'75'!F4) -> no
A5: niloufar aran | B5: niloufar abhari | C5: A5086077761 | D5: A5034158753 | E5: 79 | F5: =IF(_xlfn.XLOOKUP(C5,'75'!$C$2:$C$509,'75'!$D$2:$D$509)=D5,'75'!F5) -> no
A6: a m anderson | B6: sean c anderson | C6: A5043746917 | D6: A5081686405 | E6: 81 | F6: =IF(_xlfn.XLOOKUP(C6,'75'!$C$2:$C$509,'75'!$D$2:$D$509)=D6,'75'!F6) -> ok
A7: joshua d alampi | B7: josh alampi | C7: A5005530879 | D7: A5064096264 | E7: 85 | F7: =IF(_xlfn.XLOOKUP(C7,'75'!$C$2:$C$509,'75'!$D$2:$D$509)=D7,'75'!F7) -> no
A8: sean c anderson | B8: aspen anderson | C8: A5081686405 | D8: A5019882570 | E8: 83 | F8: =IF(_xlfn.XLOOKUP(C8,'75'!$C$2:$C$509,'75'!$D$2:$D$509)=D8,'75'!F8) -> no
A9: nadra ansari | B9: neda anvari | C9: A5058829130 | D9: A5085378218 | E9: 78 | F9: =IF(_xlfn.XLOOKUP(C9,'75'!$C$2:$C$509,'75'!$D$2:$D$509)=D9,'75'!F9) -> no
A10: ivan v bajiÄ‡ | B10: lvan v bajic | C10: A5012187461 | D10: A5093208285 | E10: 83 | F10: =IF(_xlfn.XLOOKUP(C10,'75'!$C$2:$C$509,'75'!$D$2:$D$509)=D10,'75'!F10) -> no
A11: mark a brockman | B11: ma brockman | C11: A5021397351 | D11: A5062945775 | E11: 85 | F11: =IF(_xlfn.XLOOKUP(C11,'75'!$C$2:$C$509,'75'!$D$2:$D$509)=D11,'75'!F11) -> ok
A12: nicholas blomley | B12: nicholas brunelle | C12: A5028312431 | D12: A5008301049 | E12: 79 | F12: =IF(_xlfn.XLOOKUP(C12,'75'!$C$2:$C$509,'75'!$D$2:$D$509)=D12,'75'!F12) -> no
A13: behraad bahreyni | B13: behdad bahrani | C13: A5014284015 | D13: A5115910521 | E13: 80 | F13: =IF(_xlfn.XLOOKUP(C13,'75'!$C$2:$C$509,'75'!$D$2:$D$509)=D13,'75'!F13) -> no
A14: andrew p blaber | B14: andrew phillip blaber | C14: A5111618673 | D14: A5113110122 | E14: 83 | F14: =IF(_xlfn.XLOOKUP(C14,'75'!$C$2:$C$509,'75'!$D$2:$D$509)=D14,'75'!F14) -> ok
A15: matthew brown | B15: matthew berkowitz | C15: A5041724055 | D15: A5060702246 | E15: 80 | F15: =IF(_xlfn.XLOOKUP(C15,'75'!$C$2:$C$509,'75'!$D$2:$D$509)=D15,'75'!F15) -> no
A16: christopher beh | B16: christopher buse | C16: A5012256170 | D16: A5118970217 | E16: 90 | F16: no
A17: tom c brown | B17: tom brown | C17: A5112796676 | D17: A5078745916 | E17: 90 | F17: =IF(_xlfn.XLOOKUP(C17,'75'!$C$2:$C$509,'75'!$D$2:$D$509)=D17,'75'!F17) -> ok
A18: andreÇ a bulatov | B18: andreÄ­ a bulatov | C18: A5103266587 | D18: A5108247017 | E18: 94 | F18: =IF(_xlfn.XLOOKUP(C18,'75'!$C$2:$C$509,'75'!$D$2:$D$509)=D18,'75'!F18) -> no
A19: douglas c braun | B19: doug r braun | C19: A5113442963 | D19: A5103066580 | E19: 81 | F19: =IF(_xlfn.XLOOKUP(C19,'75'!$C$2:$C$509,'75'!$D$2:$D$509)=D19,'75'!F19) -> ok
A20: megan barker | B20: megan k barker | C20: A5056468452 | D20: A5054202306 | E20: 92 | F20: =IF(_xlfn.XLOOKUP(C20,'75'!$C$2:$C$509,'75'!$D$2:$D$509)=D20,'75'!F20) -> no
A21: tim u h baumeister | B21: tim baumeister | C21: A5019595229 | D21: A5058323325 | E21: 88 | F21: =IF(_xlfn.XLOOKUP(C21,'75'!$C$2:$C$509,'75'!$D$2:$D$509)=D21,'75'!F21) -> no
A22: andreea bratu | B22: andreea barbu | C22: A5064542404 | D22: A5098667658 | E22: 85 | F22: =IF(_xlfn.XLOOKUP(C22,'75'!$C$2:$C$509,'75'!$D$2:$D$509)=D22,'75'!F22) -> no
A23: jil a busmann | B23: jil busmann | C23: A5072224327 | D23: A5074527350 | E23: 92 | F23: =IF(_xlfn.XLOOKUP(C23,'75'!$C$2:$C$509,'75'!$D$2:$D$509)=D23,'75'!F23) -> ok
A24: florian baer | B24: florian r bÃ¤r | C24: A5066677866 | D24: A5092691914 | E24: 80 | F24: =IF(_xlfn.XLOOKUP(C24,'75'!$C$2:$C$509,'75'!$D$2:$D$509)=D24,'75'!F24) -> no
A25: monica bhattacharjee | B25: paloma bhattacharjee | C25: A5044573188 | D25: A5010444190 | E25: 80 | F25: =IF(_xlfn.XLOOKUP(C25,'75'!$C$2:$C$509,'75'!$D$2:$D$509)=D25,'75'!F25) -> no
A26: scott e bernstein | B26: scott bernstein | C26: A5057881599 | D26: A5002125273 | E26: 94 | F26: =IF(_xlfn.XLOOKUP(C26,'75'!$C$2:$C$509,'75'!$D$2:$D$509)=D26,'75'!F26) -> no
A27: alishba bibal | B27: alishba bilal | C27: A5115512232 | D27: A5112957369 | E27: 92 | F27: =IF(_xlfn.XLOOKUP(C27,'75'!$C$2:$C$509,'75'!$D$2:$D$509)=D27,'75'!F27) -> ok
A28: ignacio calderon de la barca | B28: igacio calderon de la barca | C28: A5017248675 | D28: A5050733708 | E28: 98 | F28: =IF(_xlfn.XLOOKUP(C28,'75'!$C$2:$C$509,'75'!$D$2:$D$509)=D28,'75'!F28) -> ok
... A34: caroline colijn | B34: caroline coljin | C34: A5091754800 | D34: A5019122524 | E34: 93 | F34: =IF(_xlfn.XLOOKUP(C34,'75'!$C$2:$C$509,'75'!$D$2:$D$509)=D34,'75'!F34) -> no
A35: caroline colijn | B35: caroline colijin | C35: A5091754800 | D35: A5092252314 | E35: 97 | F35: ok
A36: sarah l canham | B36: rachel canham | C36: A5056237664 | D36: A5034142600 | E36: 81 | F36: =IF(_xlfn.XLOOKUP(C36,'75'!$C$2:$C$509,'75'!$D$2:$D$509)=D36,'75'!F36) -> ok
A37: jing chen | B37: gang chen | C37: A5100394876 | D37: A5100389308 | E37: 78 | F37: =IF(_xlfn.XLOOKUP(C37,'75'!$C$2:$C$509,'75'!$D$2:$D$509)=D37,'75'!F37) -> no
A38: jing chen | B38: j chen | C38: A5100394876 | D38: A5107886267 | E38: 80 | F38: ok
A39: jing chen | B39: long chen | C39: A5100394876 | D39: A5100336421 | E39: 78 | F39: ok
A40: jing chen | B40: imin chen | C40: A5100394876 | D40: A5024124555 | E40: 78 | F40: no
A41: yuxi chen | B41: xi chen | C41: A5100764265 | D41: A5100690182 | E41: 88 | F41: no
A42: brian e conway | B42: brian conway | C42: A5109163734 | D42: A5101537673 | E42: 92 | F42: =IF(_xlfn.XLOOKUP(C42,'75'!$C$2:$C$509,'75'!$D$2:$D$509)=D42,'75'!F42) -> no
A43: david c clarke | B43: dave clarke | C43: A5062270975 | D43: A5075735110 | E43: 80 | F43: =IF(_xlfn.XLOOKUP(C43,'75'!$C$2:$C$509,'75'!$D$2:$D$509)=D43,'75'!F43) -> ok
A44: david c clarke | B44: dave c clarke | C44: A5062270975 | D44: A5112840346 | E44: 89 | F44: ok
A45: deborah a connolly | B45: deb connolly | C45: A5014109821 | D45: A5066779521 | E45: 80 | F45: =IF(_xlfn.XLOOKUP(C45,'75'!$C$2:$C$509,'75'!$D$2:$D$509)=D45,'75'!F45) -> no
A46: gang chen | B46: long chen | C46: A5100389308 | D46: A5100336421 | E46: 78 | F46: =IF(_xlfn.XLOOKUP(C46,'75'!$C$2:$C$509,'75'!$D$2:$D$509)=D46,'75'!F46) -> ok
A47: teresa cheung | B47: tessa cheng | C47: A5077739432 | D47: A5051697024 | E47: 83 | F47: =IF(_xlfn.XLOOKUP(C47,'75'!$C$2:$C$509,'75'!$D$2:$D$509)=D47,'75'!F47) -> ok
A48: teresa cheung | B48: teresa p cheung | C48: A5077739432 | D48: A5079537793 | E48: 93 | F48: ok
A49: anita t cotÃ© | B49: anita cotÃ© | C49: A5072214202 | D49: A5066224186 | E49: 91 | F49: =IF(_xlfn.XLOOKUP(C49,'75'!$C$2:$C$509,'75'!$D$2:$D$509)=D49,'75'!F49) -> ok
A50: william a cupples | B50: w a cupples | C50: A5110868279 | D50: A5110810484 | E50: 79 | F50: =IF(_xlfn.XLOOKUP(C50,'75'!$C$2:$C$509,'75'!$D$2:$D$509)=D50,'75'!F50) -> no
A51: rebecca j cobb | B51: rebecca d cox | C51: A5000846228 | D51: A5024026724 | E51: 81 | F51: =IF(_xlfn.XLOOKUP(C51,'75'!$C$2:$C$509,'75'!$D$2:$D$509)=D51,'75'!F51) -> no
A52: stephen choi | B52: stephen collis | C52: A5046677225 | D52: A5015481958 | E52: 85 | F52: =IF(_xlfn.XLOOKUP(C52,'75'!$C$2:$C$509,'75'!$D$2:$D$509)=D52,'75'!F52) -> no
A53: stephen choi | B53: stephen chastain | C53: A5046677225 | D53: A5016082339 | E53: 79 | F53: no
A54: daniel chang | B54: dave chang | C54: A5044668950 | D54: A5011390842 | E54: 82 | F54: =IF(_xlfn.XLOOKUP(C54,'75'!$C$2:$C$509,'75'!$D$2:$D$509)=D54,'75'!F54) -> no
A55: daniel chang | B55: daniel chiang | C55: A5044668950 | D55: A5006979877 | E55: 96 | F55: no
A56: si chen | B56: xi chen | C56: A5100366176 | D56: A5100690182 | E56: 86 | F56: no
A57: kristin chong | B57: christine chuong | C57: A5104109440 | D57: A5083724661 | E57: 83 | F57: =IF(_xlfn.XLOOKUP(C57,'75'!$C$2:$C$509,'75'!$D$2:$D$509)=D57,'75'!F57) -> ok
A58: tessa cheng | B58: vanessa cheung | C58: A5051697024 | D58: A5119532228 | E58: 80 | F58: no
A59: im cÃ´tÃ© | B59: a m cÃ´tÃ© | C59: A5027736032 | D59: A5011587569 | E59: 80 | F59: =IF(_xlfn.XLOOKUP(C59,'75'!$C$2:$C$509,'75'!$D$2:$D$509)=D59,'75'!F59) -> no
A60: qimin chen | B60: imin chen | C60: A5069419461 | D60: A5024124555 | E60: 95 | F60: =IF(_xlfn.XLOOKUP(C60,'75'!$C$2:$C$509,'75'!$D$2:$D$509)=D60,'75'!F60) -> no
A61: maude comtoisâ€cabana | B61: maude comtois cabana | C61: A5071955961 | D61: A5007654876 | E61: 95 | F61: =IF(_xlfn.XLOOKUP(C61,'75'!$C$2:$C$509,'75'!$D$2:$D$509)=D61,'75'!F61) -> ok
A62: dani chu | B62: annica chu | C62: A5083177316 | D62: A5065197663 | E62: 78 | F62: =IF(_xlfn.XLOOKUP(C62,'75'!$C$2:$C$509,'75'!$D$2:$D$509)=D62,'75'!F62) -> no
A63: a carr | B63: a carter | C63: A5081082111 | D63: A5004107679 | E63: 86 | F63: =IF(_xlfn.XLOOKUP(C63,'75'!$C$2:$C$509,'75'!$D$2:$D$509)=D63,'75'!F63) -> no
A64: stephanie j cooper | B64: stephanie cooper | C64: A5103638663 | D64: A5111618796 | E64: 94 | F64: =IF(_xlfn.XLOOKUP(C64,'75'!$C$2:$C$509,'75'!$D$2:$D$509)=D64,'75'!F64) -> no
A65: dave chang | B65: daniel chiang | C65: A5011390842 | D65: A5006979877 | E65: 78 | F65: =IF(_xlfn.XLOOKUP(C65,'75'!$C$2:$C$509,'75'!$D$2:$D$509)=D65,'75'!F65) -> no
A66: avneet k chhina | B66: navneet kaur chana | C66: A5042285024 | D66: A5004230309 | E66: 79 | F66: =IF(_xlfn.XLOOKUP(C66,'75'!$C$2:$C$509,'75'!$D$2:$D$509)=D66,'75'!F66) -> no
A67: dave clarke | B67: dave c clarke | C67: A5075735110 | D67: A5112840346 | E67: 92 | F67: =IF(_xlfn.XLOOKUP(C67,'75'!$C$2:$C$509,'75'!$D$2:$D$509)=D67,'75'!F67) -> ok
A68: cherlene chang | B68: helen chong | C68: A5077809227 | D68: A5110538120 | E68: 80 | F68: =IF(_xlfn.XLOOKUP(C68,'75'!$C$2:$C$509,'75'!$D$2:$D$509)=D68,'75'!F68) -> ok
A69: alexander ciok | B69: alex ciok | C69: A5106492693 | D69: A5087730138 | E69: 78 | F69: =IF(_xlfn.XLOOKUP(C69,'75'!$C$2:$C$509,'75'!$D$2:$D$509)=D69,'75'!F69) -> ok
A70: caroline coljin | B70: caroline colijin | C70: A5019122524 | D70: A5092252314 | E70: 97 | F70: =IF(_xlfn.XLOOKUP(C70,'75'!$C$2:$C$509,'75'!$D$2:$D$509)=D70,'75'!F70) -> no
... A77: andrÃ©anne doyon | B77: andrÃ© doyon | C77: A5020845547 | D77: A5066893131 | E77: 85 | F77: =IF(_xlfn.XLOOKUP(C77,'75'!$C$2:$C$509,'75'!$D$2:$D$509)=D77,'75'!F77) -> no
A78: andrÃ©anne doyon | B78: andreanne doyon | C78: A5020845547 | D78: A5106389029 | E78: 93 | F78: ok
A79: thomas donaldson | B79: tom donaldson | C79: A5002800300 | D79: A5046128130 | E79: 90 | F79: =IF(_xlfn.XLOOKUP(C79,'75'!$C$2:$C$509,'75'!$D$2:$D$509)=D79,'75'!F79) -> no
A80: danielle h derrick | B80: danielle n devries | C80: A5059440078 | D80: A5066747131 | E80: 78 | F80: =IF(_xlfn.XLOOKUP(C80,'75'!$C$2:$C$509,'75'!$D$2:$D$509)=D80,'75'!F80) -> no
A81: sebastian dille | B81: sebastian damin | C81: A5049760941 | D81: A5038535256 | E81: 80 | F81: =IF(_xlfn.XLOOKUP(C81,'75'!$C$2:$C$509,'75'!$D$2:$D$509)=D81,'75'!F81) -> no
A82: lloyd t elliott | B82: lt elliott | C82: A5088544768 | D82: A5114020486 | E82: 80 | F82: =IF(_xlfn.XLOOKUP(C82,'75'!$C$2:$C$509,'75'!$D$2:$D$509)=D82,'75'!F82) -> no
A83: clara vada etter | B83: clara v etter | C83: A5077611536 | D83: A5068946645 | E83: 90 | F83: =IF(_xlfn.XLOOKUP(C83,'75'!$C$2:$C$509,'75'!$D$2:$D$509)=D83,'75'!F83) -> no
A84: alain fischer | B84: kayla fischler | C84: A5029004287 | D84: A5016098002 | E84: 81 | F84: =IF(_xlfn.XLOOKUP(C84,'75'!$C$2:$C$509,'75'!$D$2:$D$509)=D84,'75'!F84) -> no
A85: richard g frank | B85: richard frank | C85: A5018486913 | D85: A5030367930 | E85: 93 | F85: =IF(_xlfn.XLOOKUP(C85,'75'!$C$2:$C$509,'75'!$D$2:$D$509)=D85,'75'!F85) -> no
A86: faranak farzan | B86: farnak farzan | C86: A5015821361 | D86: A5016330282 | E86: 96 | F86: =IF(_xlfn.XLOOKUP(C86,'75'!$C$2:$C$509,'75'!$D$2:$D$509)=D86,'75'!F86) -> no
A87: andrei v frolov | B87: andrei v frolovand | C87: A5036300411 | D87: A5047401072 | E87: 91 | F87: =IF(_xlfn.XLOOKUP(C87,'75'!$C$2:$C$509,'75'!$D$2:$D$509)=D87,'75'!F87) -> no
A88: henry a finn | B88: henry finn | C88: A5029860397 | D88: A5080374417 | E88: 91 | F88: =IF(_xlfn.XLOOKUP(C88,'75'!$C$2:$C$509,'75'!$D$2:$D$509)=D88,'75'!F88) -> no
A89: ron ferguson | B89: arron ferguson | C89: A5113563751 | D89: A5037222281 | E89: 92 | F89: =IF(_xlfn.XLOOKUP(C89,'75'!$C$2:$C$509,'75'!$D$2:$D$509)=D89,'75'!F89) -> no
A90: sina fatolahzadeh | B90: s fatolahzadeh | C90: A5028619456 | D90: A5106384340 | E90: 90 | F90: =IF(_xlfn.XLOOKUP(C90,'75'!$C$2:$C$509,'75'!$D$2:$D$509)=D90,'75'!F90) -> no
... A130: ng jensen | B130: g jensen | C130: A5086281143 | D130: A5003321247 | E130: 94 | F130: =IF(_xlfn.XLOOKUP(C130,'75'!$C$2:$C$509,'75'!$D$2:$D$509)=D130,'75'!F130) -> ok
A131: ng jensen | B131: gaby jensen | C131: A5086281143 | D131: A5020431334 | E131: 80 | F131: no
A132: worawee janpongsri | B132: worawee japongsori | C132: A5062405993 | D132: A5001455481 | E132: 94 | F132: =IF(_xlfn.XLOOKUP(C132,'75'!$C$2:$C$509,'75'!$D$2:$D$509)=D132,'75'!F132) -> no
A133: g jensen | B133: gaby jensen | C133: A5003321247 | D133: A5020431334 | E133: 84 | F133: =IF(_xlfn.XLOOKUP(C133,'75'!$C$2:$C$509,'75'!$D$2:$D$509)=D133,'75'!F133) -> ok
A134: dominic j jaworski | B134: dominic jaworiski | C134: A5085766291 | D134: A5119544262 | E134: 91 | F134: =IF(_xlfn.XLOOKUP(C134,'75'!$C$2:$C$509,'75'!$D$2:$D$509)=D134,'75'!F134) -> no
A135: mohammad mahdi jahanara | B135: mohammadmahdi jahanara | C135: A5069061274 | D135: A5089156226 | E135: 98 | F135: =IF(_xlfn.XLOOKUP(C135,'75'!$C$2:$C$509,'75'!$D$2:$D$509)=D135,'75'!F135) -> ok
A136: nitish kumar | B136: hitesh kumar | C136: A5039262439 | D136: A5110959612 | E136: 83 | F136: =IF(_xlfn.XLOOKUP(C136,'75'!$C$2:$C$509,'75'!$D$2:$D$509)=D136,'75'!F136) -> ok
A137: t kim | B137: j kim | C137: A5108486202 | D137: A5070841883 | E137: 80 | F137: =IF(_xlfn.XLOOKUP(C137,'75'!$C$2:$C$509,'75'!$D$2:$D$509)=D137,'75'!F137) -> no
A138: katrina koehn | B138: katerina kwon | C138: A5013903764 | D138: A5113195379 | E138: 85 | F138: =IF(_xlfn.XLOOKUP(C138,'75'!$C$2:$C$509,'75'!$D$2:$D$509)=D138,'75'!F138) -> no
A139: suyoung kim | B139: hoyoung kim | C139: A5081300303 | D139: A5053435865 | E139: 82 | F139: =IF(_xlfn.XLOOKUP(C139,'75'!$C$2:$C$509,'75'!$D$2:$D$509)=D139,'75'!F139) -> ok
A140: joshua kanaganayagam | B140: josh kanaganayagam | C140: A5039370835 | D140: A5034727559 | E140: 95 | F140: =IF(_xlfn.XLOOKUP(C140,'75'!$C$2:$C$509,'75'!$D$2:$D$509)=D140,'75'!F140) -> ok
A141: raminder kaur | B141: raminderjeet kaur | C141: A5114211742 | D141: A5028102520 | E141: 87 | F141: =IF(_xlfn.XLOOKUP(C141,'75'!$C$2:$C$509,'75'!$D$2:$D$509)=D141,'75'!F141) -> no
A142: jacob kemp | B142: jacob m kemp | C142: A5103256265 | D142: A5087289082 | E142: 91 | F142: =IF(_xlfn.XLOOKUP(C142,'75'!$C$2:$C$509,'75'!$D$2:$D$509)=D142,'75'!F142) -> no
A143: isabelle kim | B143: isabelle kwan | C143: A5046423982 | D143: A5117279033 | E143: 80 | F143: =IF(_xlfn.XLOOKUP(C143,'75'!$C$2:$C$509,'75'!$D$2:$D$509)=D143,'75'!F143) -> ok
... A149: b liu | B149: z liu | C149: A5114378471 | D149: A5075830845 | E149: 80 | F149: =IF(_xlfn.XLOOKUP(C149,'75'!$C$2:$C$509,'75'!$D$2:$D$509)=D149,'75'!F149) -> ok
A150: b liu | B150: b lu | C150: A5114378471 | D150: A5067826387 | E150: 89 | F150: ok
A151: b liu | B151: k liu | C151: A5114378471 | D151: A5069328618 | E151: 80 | F151: no
A152: b liu | B152: b x liu | C152: A5114378471 | D152: A5114290805 | E152: 83 | F152: ok
A153: jia li | B153: jiayi liu | C153: A5100405681 | D153: A5100370772 | E153: 80 | F153: no
A154: jia li | B154: jiaqi lei | C154: A5100405681 | D154: A5100904643 | E154: 80 | F154: no
A155: jia li | B155: yejia liu | C155: A5100405681 | D155: A5077085197 | E155: 80 | F155: no
...

Sheet 80
A1: name1 | B1: name2 | C1: id1 | D1: id2 | E1: similarity_score | F1: ok/no
A2: ahmed alâ€rawi | B2: ahmed al-rawi | C2: A5050245548 | D2: A5093769593 | E2: 92 | F2: =IF(_xlfn.XLOOKUP(C2,'75'!$C$2:$C$509,'75'!$D$2:$D$509)=D2,'75'!F2) -> ok | H2: %ok | I2: =COUNTIF(F2:F292,"ok")/291 -> 0.38487973 | J2: =COUNTIF(F2:F292,"ok") -> 112
A3: gail s anderson | B3: a m anderson | C3: A5046194198 | D3: A5043746917 | E3: 81 | F3: =IF(_xlfn.XLOOKUP(C3,'75'!$C$2:$C$509,'75'!$D$2:$D$509)=D3,'75'!F3) -> no | H3: %no | I3: =COUNTIF(F2:F292,"no")/291 -> 0.61512027 | J3: =COUNTIF(F2:F292,"no") -> 179
A4: vinÃ­cius c azevedo | B4: vinicius c azevedo | C4: A5112368463 | D4: A5103260690 | E4: 94 | F4: =IF(_xlfn.XLOOKUP(C4,'75'!$C$2:$C$509,'75'!$D$2:$D$509)=D4,'75'!F4) -> no
A5: a m anderson | B5: sean c anderson | C5: A5043746917 | D5: A5081686405 | E5: 81 | F5: =IF(_xlfn.XLOOKUP(C5,'75'!$C$2:$C$509,'75'!$D$2:$D$509)=D5,'75'!F5) -> no
A6: joshua d alampi | B6: josh alampi | C6: A5005530879 | D6: A5064096264 | E6: 85 | F6: =IF(_xlfn.XLOOKUP(C6,'75'!$C$2:$C$509,'75'!$D$2:$D$509)=D6,'75'!F6) -> ok
A7: sean c anderson | B7: aspen anderson | C7: A5081686405 | D7: A5019882570 | E7: 83 | F7: =IF(_xlfn.XLOOKUP(C7,'75'!$C$2:$C$509,'75'!$D$2:$D$509)=D7,'75'!F7) -> no
A8: ivan v bajiÄ‡ | B8: lvan v bajic | C8: A5012187461 | D8: A5093208285 | E8: 83 | F8: =IF(_xlfn.XLOOKUP(C8,'75'!$C$2:$C$509,'75'!$D$2:$D$509)=D8,'75'!F8) -> no
A9: mark a brockman | B9: ma brockman | C9: A5021397351 | D9: A5062945775 | E9: 85 | F9: =IF(_xlfn.XLOOKUP(C9,'75'!$C$2:$C$509,'75'!$D$2:$D$509)=D9,'75'!F9) -> no
A10: behraad bahreyni | B10: behdad bahrani | C10: A5014284015 | D10: A5115910521 | E10: 80 | F10: =IF(_xlfn.XLOOKUP(C10,'75'!$C$2:$C$509,'75'!$D$2:$D$509)=D10,'75'!F10) -> no
A11: andrew p blaber | B11: andrew phillip blaber | C11: A5111618673 | D11: A5113110122 | E11: 83 | F11: =IF(_xlfn.XLOOKUP(C11,'75'!$C$2:$C$509,'75'!$D$2:$D$509)=D11,'75'!F11) -> ok
A12: matthew brown | B12: matthew berkowitz | C12: A5041724055 | D12: A5060702246 | E12: 80 | F12: =IF(_xlfn.XLOOKUP(C12,'75'!$C$2:$C$509,'75'!$D$2:$D$509)=D12,'75'!F12) -> no
A13: christopher beh | B13: christopher buse | C13: A5012256170 | D13: A5118970217 | E13: 90 | F13: no
A14: tom c brown | B14: tom brown | C14: A5112796676 | D14: A5078745916 | E14: 90 | F14: =IF(_xlfn.XLOOKUP(C14,'75'!$C$2:$C$509,'75'!$D$2:$D$509)=D14,'75'!F14) -> ok
A15: andreÇ a bulatov | B15: andreÄ­ a bulatov | C15: A5103266587 | D15: A5108247017 | E15: 94 | F15: =IF(_xlfn.XLOOKUP(C15,'75'!$C$2:$C$509,'75'!$D$2:$D$509)=D15,'75'!F15) -> no
A16: douglas c braun | B16: doug r braun | C16: A5113442963 | D16: A5103066580 | E16: 81 | F16: =IF(_xlfn.XLOOKUP(C16,'75'!$C$2:$C$509,'75'!$D$2:$D$509)=D16,'75'!F16) -> no
A17: megan barker | B17: megan k barker | C17: A5056468452 | D17: A5054202306 | E17: 92 | F17: =IF(_xlfn.XLOOKUP(C17,'75'!$C$2:$C$509,'75'!$D$2:$D$509)=D17,'75'!F17) -> ok
A18: tim u h baumeister | B18: tim baumeister | C18: A5019595229 | D18: A5058323325 | E18: 88 | F18: =IF(_xlfn.XLOOKUP(C18,'75'!$C$2:$C$509,'75'!$D$2:$D$509)=D18,'75'!F18) -> no
A19: andreea bratu | B19: andreea barbu | C19: A5064542404 | D19: A5098667658 | E19: 85 | F19: =IF(_xlfn.XLOOKUP(C19,'75'!$C$2:$C$509,'75'!$D$2:$D$509)=D19,'75'!F19) -> ok
A20: jil a busmann | B20: jil busmann | C20: A5072224327 | D20: A5074527350 | E20: 92 | F20: =IF(_xlfn.XLOOKUP(C20,'75'!$C$2:$C$509,'75'!$D$2:$D$509)=D20,'75'!F20) -> no
A21: florian baer | B21: florian r bÃ¤r | C21: A5066677866 | D21: A5092691914 | E21: 80 | F21: =IF(_xlfn.XLOOKUP(C21,'75'!$C$2:$C$509,'75'!$D$2:$D$509)=D21,'75'!F21) -> no
A22: monica bhattacharjee | B22: paloma bhattacharjee | C22: A5044573188 | D22: A5010444190 | E22: 80 | F22: =IF(_xlfn.XLOOKUP(C22,'75'!$C$2:$C$509,'75'!$D$2:$D$509)=D22,'75'!F22) -> no
A23: scott e bernstein | B23: scott bernstein | C23: A5057881599 | D23: A5002125273 | E23: 94 | F23: =IF(_xlfn.XLOOKUP(C23,'75'!$C$2:$C$509,'75'!$D$2:$D$509)=D23,'75'!F23) -> ok
A24: alishba bibal | B24: alishba bilal | C24: A5115512232 | D24: A5112957369 | E24: 92 | F24: =IF(_xlfn.XLOOKUP(C24,'75'!$C$2:$C$509,'75'!$D$2:$D$509)=D24,'75'!F24) -> no
A25: ignacio calderon de la barca | B25: igacio calderon de la barca | C25: A5017248675 | D25: A5050733708 | E25: 98 | F25: =IF(_xlfn.XLOOKUP(C25,'75'!$C$2:$C$509,'75'!$D$2:$D$509)=D25,'75'!F25) -> no
... A30: caroline colijn | B30: caroline coljin | C30: A5091754800 | D30: A5019122524 | E30: 93 | F30: =IF(_xlfn.XLOOKUP(C30,'75'!$C$2:$C$509,'75'!$D$2:$D$509)=D30,'75'!F30) -> ok
A31: caroline colijn | B31: caroline colijin | C31: A5091754800 | D31: A5092252314 | E31: 97 | F31: ok
A32: sarah l canham | B32: rachel canham | C32: A5056237664 | D32: A5034142600 | E32: 81 | F32: =IF(_xlfn.XLOOKUP(C32,'75'!$C$2:$C$509,'75'!$D$2:$D$509)=D32,'75'!F32) -> no
A33: jing chen | B33: j chen | C33: A5100394876 | D33: A5107886267 | E33: 80 | F33: ok
A34: yuxi chen | B34: xi chen | C34: A5100764265 | D34: A5100690182 | E34: 88 | F34: no
A35: brian e conway | B35: brian conway | C35: A5109163734 | D35: A5101537673 | E35: 92 | F35: =IF(_xlfn.XLOOKUP(C35,'75'!$C$2:$C$509,'75'!$D$2:$D$509)=D35,'75'!F35) -> ok
A36: david c clarke | B36: dave clarke | C36: A5062270975 | D36: A5075735110 | E36: 80 | F36: =IF(_xlfn.XLOOKUP(C36,'75'!$C$2:$C$509,'75'!$D$2:$D$509)=D36,'75'!F36) -> ok
A37: david c clarke | B37: dave c clarke | C37: A5062270975 | D37: A5112840346 | E37: 89 | F37: ok
A38: deborah a connolly | B38: deb connolly | C38: A5014109821 | D38: A5066779521 | E38: 80 | F38: =IF(_xlfn.XLOOKUP(C38,'75'!$C$2:$C$509,'75'!$D$2:$D$509)=D38,'75'!F38) -> no
A39: teresa cheung | B39: tessa cheng | C39: A5077739432 | D39: A5051697024 | E39: 83 | F39: =IF(_xlfn.XLOOKUP(C39,'75'!$C$2:$C$509,'75'!$D$2:$D$509)=D39,'75'!F39) -> ok
A40: teresa cheung | B40: teresa p cheung | C40: A5077739432 | D40: A5079537793 | E40: 93 | F40: ok
A41: anita t cotÃ© | B41: anita cotÃ© | C41: A5072214202 | D41: A5066224186 | E41: 91 | F41: =IF(_xlfn.XLOOKUP(C41,'75'!$C$2:$C$509,'75'!$D$2:$D$509)=D41,'75'!F41) -> no
A42: rebecca j cobb | B42: rebecca d cox | C42: A5000846228 | D42: A5024026724 | E42: 81 | F42: =IF(_xlfn.XLOOKUP(C42,'75'!$C$2:$C$509,'75'!$D$2:$D$509)=D42,'75'!F42) -> no
A43: stephen choi | B43: stephen collis | C43: A5046677225 | D43: A5015481958 | E43: 85 | F43: =IF(_xlfn.XLOOKUP(C43,'75'!$C$2:$C$509,'75'!$D$2:$D$509)=D43,'75'!F43) -> ok
A44: daniel chang | B44: dave chang | C44: A5044668950 | D44: A5011390842 | E44: 82 | F44: =IF(_xlfn.XLOOKUP(C44,'75'!$C$2:$C$509,'75'!$D$2:$D$509)=D44,'75'!F44) -> ok
A45: daniel chang | B45: daniel chiang | C45: A5044668950 | D45: A5006979877 | E45: 96 | F45: no
A46: si chen | B46: xi chen | C46: A5100366176 | D46: A5100690182 | E46: 86 | F46: no
A47: kristin chong | B47: christine chuong | C47: A5104109440 | D47: A5083724661 | E47: 83 | F47: =IF(_xlfn.XLOOKUP(C47,'75'!$C$2:$C$509,'75'!$D$2:$D$509)=D47,'75'!F47) -> ok
A48: tessa cheng | B48: vanessa cheung | C48: A5051697024 | D48: A5119532228 | E48: 80 | F48: no
A49: im cÃ´tÃ© | B49: a m cÃ´tÃ© | C49: A5027736032 | D49: A5011587569 | E49: 80 | F49: =IF(_xlfn.XLOOKUP(C49,'75'!$C$2:$C$509,'75'!$D$2:$D$509)=D49,'75'!F49) -> ok
A50: qimin chen | B50: imin chen | C50: A5069419461 | D50: A5024124555 | E50: 95 | F50: =IF(_xlfn.XLOOKUP(C50,'75'!$C$2:$C$509,'75'!$D$2:$D$509)=D50,'75'!F50) -> no
A51: maude comtoisâ€cabana | B51: maude comtois cabana | C51: A5071955961 | D51: A5007654876 | E51: 95 | F51: =IF(_xlfn.XLOOKUP(C51,'75'!$C$2:$C$509,'75'!$D$2:$D$509)=D51,'75'!F51) -> no
A52: a carr | B52: a carter | C52: A5081082111 | D52: A5004107679 | E52: 86 | F52: =IF(_xlfn.XLOOKUP(C52,'75'!$C$2:$C$509,'75'!$D$2:$D$509)=D52,'75'!F52) -> no
A53: stephanie j cooper | B53: stephanie cooper | C53: A5103638663 | D53: A5111618796 | E53: 94 | F53: =IF(_xlfn.XLOOKUP(C53,'75'!$C$2:$C$509,'75'!$D$2:$D$509)=D53,'75'!F53) -> no
A54: dave clarke | B54: dave c clarke | C54: A5075735110 | D54: A5112840346 | E54: 92 | F54: =IF(_xlfn.XLOOKUP(C54,'75'!$C$2:$C$509,'75'!$D$2:$D$509)=D54,'75'!F54) -> no
A55: cherlene chang | B55: helen chong | C55: A5077809227 | D55: A5110538120 | E55: 80 | F55: =IF(_xlfn.XLOOKUP(C55,'75'!$C$2:$C$509,'75'!$D$2:$D$509)=D55,'75'!F55) -> ok
A56: caroline coljin | B56: caroline colijin | C56: A5019122524 | D56: A5092252314 | E56: 97 | F56: =IF(_xlfn.XLOOKUP(C56,'75'!$C$2:$C$509,'75'!$D$2:$D$509)=D56,'75'!F56) -> ok
A57: hugo cardoso | B57: hugo fv cardoso | C57: A5102492080 | D57: A5078265907 | E57: 89 | F57: =IF(_xlfn.XLOOKUP(C57,'75'!$C$2:$C$509,'75'!$D$2:$D$509)=D57,'75'!F57) -> ok
A58: b davids | B58: l davis | C58: A5065529657 | D58: A5103103853 | E58: 80 | F58: =IF(_xlfn.XLOOKUP(C58,'75'!$C$2:$C$509,'75'!$D$2:$D$509)=D58,'75'!F58) -> no
A59: sam m doesburg | B59: sam doesburg | C59: A5081393957 | D59: A5022796523 | E59: 92 | F59: =IF(_xlfn.XLOOKUP(C59,'75'!$C$2:$C$509,'75'!$D$2:$D$509)=D59,'75'!F59) -> no
A60: garth w p davies | B60: garth davies | C60: A5061377171 | D60: A5104079126 | E60: 86 | F60: =IF(_xlfn.XLOOKUP(C60,'75'!$C$2:$C$509,'75'!$D$2:$D$509)=D60,'75'!F60) -> no
... A62: andrÃ©anne doyon | B62: andrÃ© doyon | C62: A5020845547 | D62: A5066893131 | E62: 85 | F62: =IF(_xlfn.XLOOKUP(C62,'75'!$C$2:$C$509,'75'!$D$2:$D$509)=D62,'75'!F62) -> no
A63: andrÃ©anne doyon | B63: andreanne doyon | C63: A5020845547 | D63: A5106389029 | E63: 93 | F63: ok
A64: thomas donaldson | B64: tom donaldson | C64: A5002800300 | D64: A5046128130 | E64: 90 | F64: =IF(_xlfn.XLOOKUP(C64,'75'!$C$2:$C$509,'75'!$D$2:$D$509)=D64,'75'!F64) -> no
A65: sebastian dille | B65: sebastian damin | C65: A5049760941 | D65: A5038535256 | E65: 80 | F65: =IF(_xlfn.XLOOKUP(C65,'75'!$C$2:$C$509,'75'!$D$2:$D$509)=D65,'75'!F65) -> no
A66: lloyd t elliott | B66: lt elliott | C66: A5088544768 | D66: A5114020486 | E66: 80 | F66: =IF(_xlfn.XLOOKUP(C66,'75'!$C$2:$C$509,'75'!$D$2:$D$509)=D66,'75'!F66) -> no
A67: clara vada etter | B67: clara v etter | C67: A5077611536 | D67: A5068946645 | E67: 90 | F67: =IF(_xlfn.XLOOKUP(C67,'75'!$C$2:$C$509,'75'!$D$2:$D$509)=D67,'75'!F67) -> ok
A68: alain fischer | B68: kayla fischler | C68: A5029004287 | D68: A5016098002 | E68: 81 | F68: =IF(_xlfn.XLOOKUP(C68,'75'!$C$2:$C$509,'75'!$D$2:$D$509)=D68,'75'!F68) -> ok
A69: richard g frank | B69: richard frank | C69: A5018486913 | D69: A5030367930 | E69: 93 | F69: =IF(_xlfn.XLOOKUP(C69,'75'!$C$2:$C$509,'75'!$D$2:$D$509)=D69,'75'!F69) -> ok
A70: faranak farzan | B70: farnak farzan | C70: A5015821361 | D70: A5016330282 | E70: 96 | F70: =IF(_xlfn.XLOOKUP(C70,'75'!$C$2:$C$509,'75'!$D$2:$D$509)=D70,'75'!F70) -> no
A71: andrei v frolov | B71: andrei v frolovand | C71: A5036300411 | D71: A5047401072 | E71: 91 | F71: =IF(_xlfn.XLOOKUP(C71,'75'!$C$2:$C$509,'75'!$D$2:$D$509)=D71,'75'!F71) -> ok
A72: henry a finn | B72: henry finn | C72: A5029860397 | D72: A5080374417 | E72: 91 | F72: =IF(_xlfn.XLOOKUP(C72,'75'!$C$2:$C$509,'75'!$D$2:$D$509)=D72,'75'!F72) -> no
A73: ron ferguson | B73: arron ferguson | C73: A5113563751 | D73: A5037222281 | E73: 92 | F73: =IF(_xlfn.XLOOKUP(C73,'75'!$C$2:$C$509,'75'!$D$2:$D$509)=D73,'75'!F73) -> no
A74: sina fatolahzadeh | B74: s fatolahzadeh | C74: A5028619456 | D74: A5106384340 | E74: 90 | F74: =IF(_xlfn.XLOOKUP(C74,'75'!$C$2:$C$509,'75'!$D$2:$D$509)=D74,'75'!F74) -> ok
A75: sheri fabian | B75: sheryl c fabian | C75: A5076158895 | D75: A5092626911 | E75: 81 | F75: =IF(_xlfn.XLOOKUP(C75,'75'!$C$2:$C$509,'75'!$D$2:$D$509)=D75,'75'!F75) -> ok
... A111: ng jensen | B111: g jensen | C111: A5086281143 | D111: A5003321247 | E111: 94 | F111: =IF(_xlfn.XLOOKUP(C111,'75'!$C$2:$C$509,'75'!$D$2:$D$509)=D111,'75'!F111) -> no
A112: ng jensen | B112: gaby jensen | C112: A5086281143 | D112: A5020431334 | E112: 80 | F112: no
A113: worawee janpongsri | B113: worawee japongsori | C113: A5062405993 | D113: A5001455481 | E113: 94 | F113: =IF(_xlfn.XLOOKUP(C113,'75'!$C$2:$C$509,'75'!$D$2:$D$509)=D113,'75'!F113) -> ok
A114: g jensen | B114: gaby jensen | C114: A5003321247 | D114: A5020431334 | E114: 84 | F114: =IF(_xlfn.XLOOKUP(C114,'75'!$C$2:$C$509,'75'!$D$2:$D$509)=D114,'75'!F114) -> ok
A115: dominic j jaworski | B115: dominic jaworiski | C115: A5085766291 | D115: A5119544262 | E115: 91 | F115: =IF(_xlfn.XLOOKUP(C115,'75'!$C$2:$C$509,'75'!$D$2:$D$509)=D115,'75'!F115) -> no
A116: mohammad mahdi jahanara | B116: mohammadmahdi jahanara | C116: A5069061274 | D116: A5089156226 | E116: 98 | F116: =IF(_xlfn.XLOOKUP(C116,'75'!$C$2:$C$509,'75'!$D$2:$D$509)=D116,'75'!F116) -> ok
A117: nitish kumar | B117: hitesh kumar | C117: A5039262439 | D117: A5110959612 | E117: 83 | F117: =IF(_xlfn.XLOOKUP(C117,'75'!$C$2:$C$509,'75'!$D$2:$D$509)=D117,'75'!F117) -> ok
A118: t kim | B118: j kim | C118: A5108486202 | D118: A5070841883 | E118: 80 | F118: =IF(_xlfn.XLOOKUP(C118,'75'!$C$2:$C$509,'75'!$D$2:$D$509)=D118,'75'!F118) -> no
A119: katrina koehn | B119: katerina kwon | C119: A5013903764 | D119: A5113195379 | E119: 85 | F119: =IF(_xlfn.XLOOKUP(C119,'75'!$C$2:$C$509,'75'!$D$2:$D$509)=D119,'75'!F119) -> ok
A120: suyoung kim | B120: hoyoung kim | C120: A5081300303 | D120: A5053435865 | E120: 82 | F120: =IF(_xlfn.XLOOKUP(C120,'75'!$C$2:$C$509,'75'!$D$2:$D$509)=D120,'75'!F120) -> no
A121: joshua kanaganayagam | B121: josh kanaganayagam | C121: A5039370835 | D121: A5034727559 | E121: 95 | F121: =IF(_xlfn.XLOOKUP(C121,'75'!$C$2:$C$509,'75'!$D$2:$D$509)=D121,'75'!F121) -> ok
A122: raminder kaur | B122: raminderjeet kaur | C122: A5114211742 | D122: A5028102520 | E122: 87 | F122: =IF(_xlfn.XLOOKUP(C122,'75'!$C$2:$C$509,'75'!$D$2:$D$509)=D122,'75'!F122) -> ok
A123: jacob kemp | B123: jacob m kemp | C123: A5103256265 | D123: A5087289082 | E123: 91 | F123: =IF(_xlfn.XLOOKUP(C123,'75'!$C$2:$C$509,'75'!$D$2:$D$509)=D123,'75'!F123) -> no
A124: isabelle kim | B124: isabelle kwan | C124: A5046423982 | D124: A5117279033 | E124: 80 | F124: =IF(_xlfn.XLOOKUP(C124,'75'!$C$2:$C$509,'75'!$D$2:$D$509)=D124,'75'!F124) -> ok
... A130: b liu | B130: z liu | C130: A5114378471 | D130: A5075830845 | E130: 80 | F130: =IF(_xlfn.XLOOKUP(C130,'75'!$C$2:$C$509,'75'!$D$2:$D$509)=D130,'75'!F130) -> ok
A131: b liu | B131: b lu | C131: A5114378471 | D131: A5067826387 | E131: 89 | F131: no
A132: b liu | B132: k liu | C132: A5114378471 | D132: A5069328618 | E132: 80 | F132: no
A133: b liu | B133: b x liu | C133: A5114378471 | D133: A5114290805 | E133: 83 | F133: ok
A134: jia li | B134: jiayi liu | C134: A5100405681 | D134: A5100370772 | E134: 80 | F134: no
A135: jia li | B135: jiaqi lei | C135: A5100405681 | D135: A5100904643 | E135: 80 | F135: no
A136: jia li | B136: yejia liu | C136: A5100405681 | D136: A5077085197 | E136: 80 | F136: no
A137: cheng li | B137: cheng lit | C137: A5100354297 | D137: A5094001550 | E137: 94 | F137: ok
A138: kelley lee | B138: kelsey lee | C138: A5019363540 | D138: A5047999240 | E138: 90 | F138: no
A139: ming li | B139: ying lei | C139: A5100351426 | D139: A5071997927 | E139: 80 | F139: no
A140: amy lee | B140: amy hy lee | C140: A5100686477 | D140: A5102626370 | E140: 82 | F140: ok
A141: amy lee | B141: a lee | C141: A5100686477 | D141: A5079846513 | E141: 83 | F141: ok
A142: thomas m loughin | B142: tom loughin | C142: A5113992995 | D142: A5025177465 | E142: 81 | F142: ok
A143: amy hueiâ€yi lee | B143: amy hy lee | C143: A5029495209 | D143: A5102626370 | E143: 80 | F143: =IF(_xlfn.XLOOKUP(C143,'75'!$C$2:$C$509,'75'!$D$2:$D$509)=D143,'75'!F143) -> ok
A144: richard lockhart | B144: richard loat | C144: A5035238514 | D144: A5052159696 | E144: 86 | F144: =IF(_xlfn.XLOOKUP(C144,'75'!$C$2:$C$509,'75'!$D$2:$D$509)=D144,'75'!F144) -> ok
A145: qi lin | B145: zi lin | C145: A5102608112 | D145: A5110229964 | E145: 83 | F145: =IF(_xlfn.XLOOKUP(C145,'75'!$C$2:$C$509,'75'!$D$2:$D$509)=D145,'75'!F145) -> no
...

Sheet 82
A1: name1 | B1: name2 | C1: id1 | D1: id2 | E1: similarity_score | F1: ok/no
A2: ahmed alâ€rawi | B2: ahmed al-rawi | C2: A5050245548 | D2: A5093769593 | E2: 92 | F2: =IF(_xlfn.XLOOKUP(C2,'75'!$C$2:$C$509,'75'!$D$2:$D$509)=D2,'75'!F2) -> ok | H2: %ok | I2: =COUNTIF(F2:F221, "ok")/220 -> 0.40454545 | J2: =COUNTIF(F2:F221,"ok") -> 89
A3: vinÃ­cius c azevedo | B3: vinicius c azevedo | C3: A5112368463 | D3: A5103260690 | E3: 94 | F3: =IF(_xlfn.XLOOKUP(C3,'75'!$C$2:$C$509,'75'!$D$2:$D$509)=D3,'75'!F3) -> no | H3: %no | I3: =COUNTIF(F2:F221, "no")/220 -> 0.59545455 | J3: =COUNTIF(F2:F221, "no") -> 131
A4: joshua d alampi | B4: josh alampi | C4: A5005530879 | D4: A5064096264 | E4: 85 | F4: =IF(_xlfn.XLOOKUP(C4,'75'!$C$2:$C$509,'75'!$D$2:$D$509)=D4,'75'!F4) -> no
A5: sean c anderson | B5: aspen anderson | C5: A5081686405 | D5: A5019882570 | E5: 83 | F5: =IF(_xlfn.XLOOKUP(C5,'75'!$C$2:$C$509,'75'!$D$2:$D$509)=D5,'75'!F5) -> no
A6: ivan v bajiÄ‡ | B6: lvan v bajic | C6: A5012187461 | D6: A5093208285 | E6: 83 | F6: =IF(_xlfn.XLOOKUP(C6,'75'!$C$2:$C$509,'75'!$D$2:$D$509)=D6,'75'!F6) -> ok
A7: mark a brockman | B7: ma brockman | C7: A5021397351 | D7: A5062945775 | E7: 85 | F7: =IF(_xlfn.XLOOKUP(C7,'75'!$C$2:$C$509,'75'!$D$2:$D$509)=D7,'75'!F7) -> no
A8: andrew p blaber | B8: andrew phillip blaber | C8: A5111618673 | D8: A5113110122 | E8: 83 | F8: =IF(_xlfn.XLOOKUP(C8,'75'!$C$2:$C$509,'75'!$D$2:$D$509)=D8,'75'!F8) -> no
A9: christopher beh | B9: christopher buse | C9: A5012256170 | D9: A5118970217 | E9: 90 | F9: no
A10: tom c brown | B10: tom brown | C10: A5112796676 | D10: A5078745916 | E10: 90 | F10: =IF(_xlfn.XLOOKUP(C10,'75'!$C$2:$C$509,'75'!$D$2:$D$509)=D10,'75'!F10) -> no
A11: andreÇ a bulatov | B11: andreÄ­ a bulatov | C11: A5103266587 | D11: A5108247017 | E11: 94 | F11: =IF(_xlfn.XLOOKUP(C11,'75'!$C$2:$C$509,'75'!$D$2:$D$509)=D11,'75'!F11) -> ok
A12: megan barker | B12: megan k barker | C12: A5056468452 | D12: A5054202306 | E12: 92 | F12: =IF(_xlfn.XLOOKUP(C12,'75'!$C$2:$C$509,'75'!$D$2:$D$509)=D12,'75'!F12) -> no
A13: tim u h baumeister | B13: tim baumeister | C13: A5019595229 | D13: A5058323325 | E13: 88 | F13: =IF(_xlfn.XLOOKUP(C13,'75'!$C$2:$C$509,'75'!$D$2:$D$509)=D13,'75'!F13) -> no
A14: andreea bratu | B14: andreea barbu | C14: A5064542404 | D14: A5098667658 | E14: 85 | F14: =IF(_xlfn.XLOOKUP(C14,'75'!$C$2:$C$509,'75'!$D$2:$D$509)=D14,'75'!F14) -> ok
A15: jil a busmann | B15: jil busmann | C15: A5072224327 | D15: A5074527350 | E15: 92 | F15: =IF(_xlfn.XLOOKUP(C15,'75'!$C$2:$C$509,'75'!$D$2:$D$509)=D15,'75'!F15) -> no
A16: scott e bernstein | B16: scott bernstein | C16: A5057881599 | D16: A5002125273 | E16: 94 | F16: =IF(_xlfn.XLOOKUP(C16,'75'!$C$2:$C$509,'75'!$D$2:$D$509)=D16,'75'!F16) -> no
A17: alishba bibal | B17: alishba bilal | C17: A5115512232 | D17: A5112957369 | E17: 92 | F17: =IF(_xlfn.XLOOKUP(C17,'75'!$C$2:$C$509,'75'!$D$2:$D$509)=D17,'75'!F17) -> ok
A18: ignacio calderon de la barca | B18: igacio calderon de la barca | C18: A5017248675 | D18: A5050733708 | E18: 98 | F18: =IF(_xlfn.XLOOKUP(C18,'75'!$C$2:$C$509,'75'!$D$2:$D$509)=D18,'75'!F18) -> no
A19: z brumme | B19: zl brumme | C19: A5075252668 | D19: A5084001641 | E19: 94 | F19: =IF(_xlfn.XLOOKUP(C19,'75'!$C$2:$C$509,'75'!$D$2:$D$509)=D19,'75'!F19) -> ok
A20: mirzafaisal beg | B20: mirza faisal beg | C20: A5104015115 | D20: A5000972836 | E20: 97 | F20: =IF(_xlfn.XLOOKUP(C20,'75'!$C$2:$C$509,'75'!$D$2:$D$509)=D20,'75'!F20) -> no
A21: john j clague | B21: j j clague | C21: A5090873433 | D21: A5000296592 | E21: 87 | F21: =IF(_xlfn.XLOOKUP(C21,'75'!$C$2:$C$509,'75'!$D$2:$D$509)=D21,'75'!F21) -> no
... A23: caroline colijn | B23: caroline coljin | C23: A5091754800 | D23: A5019122524 | E23: 93 | F23: =IF(_xlfn.XLOOKUP(C23,'75'!$C$2:$C$509,'75'!$D$2:$D$509)=D23,'75'!F23) -> ok
A24: caroline colijn | B24: caroline colijin | C24: A5091754800 | D24: A5092252314 | E24: 97 | F24: ok
A25: yuxi chen | B25: xi chen | C25: A5100764265 | D25: A5100690182 | E25: 88 | F25: no
A26: brian e conway | B26: brian conway | C26: A5109163734 | D26: A5101537673 | E26: 92 | F26: =IF(_xlfn.XLOOKUP(C26,'75'!$C$2:$C$509,'75'!$D$2:$D$509)=D26,'75'!F26) -> no
A27: david c clarke | B27: dave c clarke | C27: A5062270975 | D27: A5112840346 | E27: 89 | F27: ok
A28: teresa cheung | B28: tessa cheng | C28: A5077739432 | D28: A5051697024 | E28: 83 | F28: =IF(_xlfn.XLOOKUP(C28,'75'!$C$2:$C$509,'75'!$D$2:$D$509)=D28,'75'!F28) -> ok
A29: teresa cheung | B29: teresa p cheung | C29: A5077739432 | D29: A5079537793 | E29: 93 | F29: ok
A30: anita t cotÃ© | B30: anita cotÃ© | C30: A5072214202 | D30: A5066224186 | E30: 91 | F30: =IF(_xlfn.XLOOKUP(C30,'75'!$C$2:$C$509,'75'!$D$2:$D$509)=D30,'75'!F30) -> ok
A31: stephen choi | B31: stephen collis | C31: A5046677225 | D31: A5015481958 | E31: 85 | F31: =IF(_xlfn.XLOOKUP(C31,'75'!$C$2:$C$509,'75'!$D$2:$D$509)=D31,'75'!F31) -> ok
A32: daniel chang | B32: dave chang | C32: A5044668950 | D32: A5011390842 | E32: 82 | F32: =IF(_xlfn.XLOOKUP(C32,'75'!$C$2:$C$509,'75'!$D$2:$D$509)=D32,'75'!F32) -> no
A33: daniel chang | B33: daniel chiang | C33: A5044668950 | D33: A5006979877 | E33: 96 | F33: no
A34: si chen | B34: xi chen | C34: A5100366176 | D34: A5100690182 | E34: 86 | F34: no
A35: kristin chong | B35: christine chuong | C35: A5104109440 | D35: A5083724661 | E35: 83 | F35: =IF(_xlfn.XLOOKUP(C35,'75'!$C$2:$C$509,'75'!$D$2:$D$509)=D35,'75'!F35) -> ok
A36: qimin chen | B36: imin chen | C36: A5069419461 | D36: A5024124555 | E36: 95 | F36: =IF(_xlfn.XLOOKUP(C36,'75'!$C$2:$C$509,'75'!$D$2:$D$509)=D36,'75'!F36) -> ok
A37: maude comtoisâ€cabana | B37: maude comtois cabana | C37: A5071955961 | D37: A5007654876 | E37: 95 | F37: =IF(_xlfn.XLOOKUP(C37,'75'!$C$2:$C$509,'75'!$D$2:$D$509)=D37,'75'!F37) -> no
A38: a carr | B38: a carter | C38: A5081082111 | D38: A5004107679 | E38: 86 | F38: =IF(_xlfn.XLOOKUP(C38,'75'!$C$2:$C$509,'75'!$D$2:$D$509)=D38,'75'!F38) -> no
A39: stephanie j cooper | B39: stephanie cooper | C39: A5103638663 | D39: A5111618796 | E39: 94 | F39: =IF(_xlfn.XLOOKUP(C39,'75'!$C$2:$C$509,'75'!$D$2:$D$509)=D39,'75'!F39) -> ok
A40: dave clarke | B40: dave c clarke | C40: A5075735110 | D40: A5112840346 | E40: 92 | F40: =IF(_xlfn.XLOOKUP(C40,'75'!$C$2:$C$509,'75'!$D$2:$D$509)=D40,'75'!F40) -> ok
A41: caroline coljin | B41: caroline colijin | C41: A5019122524 | D41: A5092252314 | E41: 97 | F41: =IF(_xlfn.XLOOKUP(C41,'75'!$C$2:$C$509,'75'!$D$2:$D$509)=D41,'75'!F41) -> no
A42: hugo cardoso | B42: hugo fv cardoso | C42: A5102492080 | D42: A5078265907 | E42: 89 | F42: =IF(_xlfn.XLOOKUP(C42,'75'!$C$2:$C$509,'75'!$D$2:$D$509)=D42,'75'!F42) -> no
A43: sam m doesburg | B43: sam doesburg | C43: A5081393957 | D43: A5022796523 | E43: 92 | F43: =IF(_xlfn.XLOOKUP(C43,'75'!$C$2:$C$509,'75'!$D$2:$D$509)=D43,'75'!F43) -> ok
A44: garth w p davies | B44: garth davies | C44: A5061377171 | D44: A5104079126 | E44: 86 | F44: =IF(_xlfn.XLOOKUP(C44,'75'!$C$2:$C$509,'75'!$D$2:$D$509)=D44,'75'!F44) -> ok
A45: nilgun donmez | B45: anil donmez | C45: A5053611147 | D45: A5027106147 | E45: 83 | F45: =IF(_xlfn.XLOOKUP(C45,'75'!$C$2:$C$509,'75'!$D$2:$D$509)=D45,'75'!F45) -> no
A46: andrÃ©anne doyon | B46: andrÃ© doyon | C46: A5020845547 | D46: A5066893131 | E46: 85 | F46: =IF(_xlfn.XLOOKUP(C46,'75'!$C$2:$C$509,'75'!$D$2:$D$509)=D46,'75'!F46) -> ok
A47: andrÃ©anne doyon | B47: andreanne doyon | C47: A5020845547 | D47: A5106389029 | E47: 93 | F47: ok
A48: thomas donaldson | B48: tom donaldson | C48: A5002800300 | D48: A5046128130 | E48: 90 | F48: =IF(_xlfn.XLOOKUP(C48,'75'!$C$2:$C$509,'75'!$D$2:$D$509)=D48,'75'!F48) -> ok
A49: clara vada etter | B49: clara v etter | C49: A5077611536 | D49: A5068946645 | E49: 90 | F49: =IF(_xlfn.XLOOKUP(C49,'75'!$C$2:$C$509,'75'!$D$2:$D$509)=D49,'75'!F49) -> ok
A50: richard g frank | B50: richard frank | C50: A5018486913 | D50: A5030367930 | E50: 93 | F50: =IF(_xlfn.XLOOKUP(C50,'75'!$C$2:$C$509,'75'!$D$2:$D$509)=D50,'75'!F50) -> no
A51: faranak farzan | B51: farnak farzan | C51: A5015821361 | D51: A5016330282 | E51: 96 | F51: =IF(_xlfn.XLOOKUP(C51,'75'!$C$2:$C$509,'75'!$D$2:$D$509)=D51,'75'!F51) -> no
A52: andrei v frolov | B52: andrei v frolovand | C52: A5036300411 | D52: A5047401072 | E52: 91 | F52: =IF(_xlfn.XLOOKUP(C52,'75'!$C$2:$C$509,'75'!$D$2:$D$509)=D52,'75'!F52) -> no
A53: henry a finn | B53: henry finn | C53: A5029860397 | D53: A5080374417 | E53: 91 | F53: =IF(_xlfn.XLOOKUP(C53,'75'!$C$2:$C$509,'75'!$D$2:$D$509)=D53,'75'!F53) -> no
A54: ron ferguson | B54: arron ferguson | C54: A5113563751 | D54: A5037222281 | E54: 92 | F54: =IF(_xlfn.XLOOKUP(C54,'75'!$C$2:$C$509,'75'!$D$2:$D$509)=D54,'75'!F54) -> no
A55: sina fatolahzadeh | B55: s fatolahzadeh | C55: A5028619456 | D55: A5106384340 | E55: 90 | F55: =IF(_xlfn.XLOOKUP(C55,'75'!$C$2:$C$509,'75'!$D$2:$D$509)=D55,'75'!F55) -> ok
A56: reza farzam | B56: r farzam | C56: A5061603743 | D56: A5092972281 | E56: 84 | F56: =IF(_xlfn.XLOOKUP(C56,'75'!$C$2:$C$509,'75'!$D$2:$D$509)=D56,'75'!F56) -> ok
A57: susanne w fietz | B57: w susanne fietz | C57: A5093010858 | D57: A5052771299 | E57: 87 | F57: =IF(_xlfn.XLOOKUP(C57,'75'!$C$2:$C$509,'75'!$D$2:$D$509)=D57,'75'!F57) -> ok
A58: birutÃ© m f galdikas | B58: birute mary f galdikas | C58: A5110301419 | D58: A5110389729 | E58: 88 | F58: =IF(_xlfn.XLOOKUP(C58,'75'!$C$2:$C$509,'75'!$D$2:$D$509)=D58,'75'!F58) -> no
A59: alissa greer | B59: alissa m greer | C59: A5037509232 | D59: A5102942084 | E59: 92 | F59: =IF(_xlfn.XLOOKUP(C59,'75'!$C$2:$C$509,'75'!$D$2:$D$509)=D59,'75'!F59) -> no
... A97: angela kaida | B97: angela kaidaon | C97: A5091089188 | D97: A5095333481 | E97: 92 | F97: =IF(_xlfn.XLOOKUP(C97,'75'!$C$2:$C$509,'75'!$D$2:$D$509)=D97,'75'!F97) -> no
A98: b liu | B98: b lu | C98: A5114378471 | D98: A5067826387 | E98: 89 | F98: no
A99: b liu | B99: b x liu | C99: A5114378471 | D99: A5114290805 | E99: 83 | F99: ok
A100: cheng li | B100: cheng lit | C100: A5100354297 | D100: A5094001550 | E100: 94 | F100: ok
A101: kelley lee | B101: kelsey lee | C101: A5019363540 | D101: A5047999240 | E101: 90 | F101: no
A102: amy lee | B102: amy hy lee | C102: A5100686477 | D102: A5102626370 | E102: 82 | F102: ok
A103: amy lee | B103: a lee | C103: A5100686477 | D103: A5079846513 | E103: 83 | F103: ok
A104: richard lockhart | B104: richard loat | C104: A5035238514 | D104: A5052159696 | E104: 86 | F104: =IF(_xlfn.XLOOKUP(C104,'75'!$C$2:$C$509,'75'!$D$2:$D$509)=D104,'75'!F104) -> no
A105: qi lin | B105: zi lin | C105: A5102608112 | D105: A5110229964 | E105: 83 | F105: =IF(_xlfn.XLOOKUP(C105,'75'!$C$2:$C$509,'75'!$D$2:$D$509)=D105,'75'!F105) -> no
A106: angelica lim | B106: angelica lee | C106: A5054803584 | D106: A5064843057 | E106: 83 | F106: =IF(_xlfn.XLOOKUP(C106,'75'!$C$2:$C$509,'75'!$D$2:$D$509)=D106,'75'!F106) -> no
A107: alexandra lysova | B107: alexandra v lysova | C107: A5088763872 | D107: A5096742315 | E107: 94 | F107: =IF(_xlfn.XLOOKUP(C107,'75'!$C$2:$C$509,'75'!$D$2:$D$509)=D107,'75'!F107) -> no
A108: sabrina s m lee | B108: sabrina sm lee | C108: A5080857003 | D108: A5079701172 | E108: 97 | F108: =IF(_xlfn.XLOOKUP(C108,'75'!$C$2:$C$509,'75'!$D$2:$D$509)=D108,'75'!F108) -> ok
A109: linyi li | B109: li yi lim | C109: A5101915882 | D109: A5108281017 | E109: 82 | F109: =IF(_xlfn.XLOOKUP(C109,'75'!$C$2:$C$509,'75'!$D$2:$D$509)=D109,'75'!F109) -> ok
A110: tingan li | B110: qingcan li | C110: A5034308738 | D110: A5014078397 | E110: 84 | F110: no
A111: chelsey lee | B111: kelsey lee | C111: A5037459113 | D111: A5047999240 | E111: 86 | F111: =IF(_xlfn.XLOOKUP(C111,'75'!$C$2:$C$509,'75'!$D$2:$D$509)=D111,'75'!F111) -> no
A112: n lehmann | B112: k lehmann | C112: A5107889357 | D112: A5105764596 | E112: 89 | F112: =IF(_xlfn.XLOOKUP(C112,'75'!$C$2:$C$509,'75'!$D$2:$D$509)=D112,'75'!F112) -> no
A113: luyao lin | B113: leyao lin | C113: A5062615947 | D113: A5025114845 | E113: 89 | F113: =IF(_xlfn.XLOOKUP(C113,'75'!$C$2:$C$509,'75'!$D$2:$D$509)=D113,'75'!F113) -> ok
A114: elfituri s lahemer | B114: elfituri lahamer | C114: A5032341373 | D114: A5055198520 | E114: 88 | F114: =IF(_xlfn.XLOOKUP(C114,'75'!$C$2:$C$509,'75'!$D$2:$D$509)=D114,'75'!F114) -> ok
A115: ryan d morin | B115: r d morin | C115: A5081644676 | D115: A5027417971 | E115: 86 | F115: =IF(_xlfn.XLOOKUP(C115,'75'!$C$2:$C$509,'75'!$D$2:$D$509)=D115,'75'!F115) -> no
A116: john j mcdonald | B116: john a macdonald | C116: A5077824553 | D116: A5103468821 | E116: 90 | F116: =IF(_xlfn.XLOOKUP(C116,'75'!$C$2:$C$509,'75'!$D$2:$D$509)=D116,'75'!F116) -> ok
A117: paul meyer | B117: p meyer | C117: A5019323500 | D117: A5109005649 | E117: 82 | F117: =IF(_xlfn.XLOOKUP(C117,'75'!$C$2:$C$509,'75'!$D$2:$D$509)=D117,'75'!F117) -> ok
A118: gordon mctaggart-cowan | B118: gp mctaggart-cowan | C118: A5040189249 | D118: A5108717311 | E118: 85 | F118: =IF(_xlfn.XLOOKUP(C118,'75'!$C$2:$C$509,'75'!$D$2:$D$509)=D118,'75'!F118) -> no
A119: daniel d marshall | B119: dan marshall | C119: A5112642773 | D119: A5112003754 | E119: 83 | F119: =IF(_xlfn.XLOOKUP(C119,'75'!$C$2:$C$509,'75'!$D$2:$D$509)=D119,'75'!F119) -> ok
A120: john a macdonald | B120: ja macdonald | C120: A5103468821 | D120: A5000418425 | E120: 86 | F120: =IF(_xlfn.XLOOKUP(C120,'75'!$C$2:$C$509,'75'!$D$2:$D$509)=D120,'75'!F120) -> no
A121: zarah monfaredi | B121: aryan monfared | C121: A5082693605 | D121: A5079493724 | E121: 83 | F121: =IF(_xlfn.XLOOKUP(C121,'75'!$C$2:$C$509,'75'!$D$2:$D$509)=D121,'75'!F121) -> ok
A122: mark mahadeo | B122: mark n mahadeo | C122: A5012970291 | D122: A5086131135 | E122: 92 | F122: =IF(_xlfn.XLOOKUP(C122,'75'!$C$2:$C$509,'75'!$D$2:$D$509)=D122,'75'!F122) -> ok
... A127: anneâ€marie nicol | B127: anne marie nicol | C127: A5110840814 | D127: A5113313391 | E127: 94 | F127: =IF(_xlfn.XLOOKUP(C127,'75'!$C$2:$C$509,'75'!$D$2:$D$509)=D127,'75'!F127) -> ok
A128: anneâ€marie nicol | B128: anne-marie nicole | C128: A5110840814 | D128: A5113360973 | E128: 91 | F128: ok
A129: anne marie nicol | B129: anne-marie nicole | C129: A5113313391 | D129: A5113360973 | E129: 91 | F129: =IF(_xlfn.XLOOKUP(C129,'75'!$C$2:$C$509,'75'!$D$2:$D$509)=D129,'75'!F129) -> no
A130: william odom | B130: will odom | C130: A5073024818 | D130: A5056121536 | E130: 86 | F130: =IF(_xlfn.XLOOKUP(C130,'75'!$C$2:$C$509,'75'!$D$2:$D$509)=D130,'75'!F130) -> ok
A131: marlena ornowska | B131: ms marlena ornowska | C131: A5064059636 | D131: A5109595986 | E131: 91 | F131: ok
A132: katherine oâ€™donnell | B132: katherine a oâ€™donnell | C132: A5066229322 | D132: A5103744218 | E132: 95 | F132: =IF(_xlfn.XLOOKUP(C132,'75'!$C$2:$C$509,'75'!$D$2:$D$509)=D132,'75'!F132) -> no
A133: jf ogilvie | B133: j f ogilvie | C133: A5006142451 | D133: A5023738667 | E133: 95 | F133: =IF(_xlfn.XLOOKUP(C133,'75'!$C$2:$C$509,'75'!$D$2:$D$509)=D133,'75'!F133) -> ok
A134: d c oâ€™neil | B134: dc oneil | C134: A5103713192 | D134: A5045650275 | E134: 89 | F134: =IF(_xlfn.XLOOKUP(C134,'75'!$C$2:$C$509,'75'!$D$2:$D$509)=D134,'75'!F134) -> no
A135: david j price | B135: david price | C135: A5057027392 | D135: A5102969601 | E135: 92 | F135: =IF(_xlfn.XLOOKUP(C135,'75'!$C$2:$C$509,'75'!$D$2:$D$509)=D135,'75'!F135) -> ok
A136: david j price | B136: david j prime | C136: A5057027392 | D136: A5103543042 | E136: 92 | F136: no
A137: david j price | B137: david prime | C137: A5057027392 | D137: A5009690588 | E137: 83 | F137: no
A138: david price | B138: david j prime | C138: A5102969601 | D138: A5103543042 | E138: 83 | F138: =IF(_xlfn.XLOOKUP(C138,'75'!$C$2:$C$509,'75'!$D$2:$D$509)=D138,'75'!F138) -> no
A139: david price | B139: david prime | C139: A5102969601 | D139: A5009690588 | E139: 91 | F139: no
A140: s panchapakesan | B140: sathish panchapakesan | C140: A5043684828 | D140: A5103910853 | E140: 83 | F140: =IF(_xlfn.XLOOKUP(C140,'75'!$C$2:$C$509,'75'!$D$2:$D$509)=D140,'75'!F140) -> ok
A141: edward j park | B141: edward park | C141: A5027049699 | D141: A5111270872 | E141: 92 | F141: =IF(_xlfn.XLOOKUP(C141,'75'!$C$2:$C$509,'75'!$D$2:$D$509)=D141,'75'!F141) -> no
A142: david j prime | B142: david prime | C142: A5103543042 | D142: A5009690588 | E142: 92 | F142: =IF(_xlfn.XLOOKUP(C142,'75'!$C$2:$C$509,'75'!$D$2:$D$509)=D142,'75'!F142) -> no
...

Sheet 85
A1: name1 | B1: name2 | C1: id1 | D1: id2 | E1: similarity_score | F1: ok/no
A2: ahmed alâ€rawi | B2: ahmed al-rawi | C2: A5050245548 | D2: A5093769593 | E2: 92 | F2: =IF(_xlfn.XLOOKUP(C2,'75'!$C$2:$C$509,'75'!$D$2:$D$509)=D2,'75'!F2) -> ok | H2: %ok | I2: =COUNTIF(F2:F159, "ok")/158 -> 0.44936709 | J2: =COUNTIF(F2:F159, "ok") -> 71
A3: vinÃ­cius c azevedo | B3: vinicius c azevedo | C3: A5112368463 | D3: A5103260690 | E3: 94 | F3: =IF(_xlfn.XLOOKUP(C3,'75'!$C$2:$C$509,'75'!$D$2:$D$509)=D3,'75'!F3) -> no | H3: %no | I3: =COUNTIF(F2:F159, "no")/158 -> 0.55063291 | J3: =COUNTIF(F2:F159,"no") -> 87
A4: joshua d alampi | B4: josh alampi | C4: A5005530879 | D4: A5064096264 | E4: 85 | F4: =IF(_xlfn.XLOOKUP(C4,'75'!$C$2:$C$509,'75'!$D$2:$D$509)=D4,'75'!F4) -> no
A5: mark a brockman | B5: ma brockman | C5: A5021397351 | D5: A5062945775 | E5: 85 | F5: =IF(_xlfn.XLOOKUP(C5,'75'!$C$2:$C$509,'75'!$D$2:$D$509)=D5,'75'!F5) -> no
A6: christopher beh | B6: christopher buse | C6: A5012256170 | D6: A5118970217 | E6: 90 | F6: no
A7: tom c brown | B7: tom brown | C7: A5112796676 | D7: A5078745916 | E7: 90 | F7: =IF(_xlfn.XLOOKUP(C7,'75'!$C$2:$C$509,'75'!$D$2:$D$509)=D7,'75'!F7) -> no
A8: andreÇ a bulatov | B8: andreÄ­ a bulatov | C8: A5103266587 | D8: A5108247017 | E8: 94 | F8: =IF(_xlfn.XLOOKUP(C8,'75'!$C$2:$C$509,'75'!$D$2:$D$509)=D8,'75'!F8) -> no
A9: megan barker | B9: megan k barker | C9: A5056468452 | D9: A5054202306 | E9: 92 | F9: =IF(_xlfn.XLOOKUP(C9,'75'!$C$2:$C$509,'75'!$D$2:$D$509)=D9,'75'!F9) -> no
A10: tim u h baumeister | B10: tim baumeister | C10: A5019595229 | D10: A5058323325 | E10: 88 | F10: =IF(_xlfn.XLOOKUP(C10,'75'!$C$2:$C$509,'75'!$D$2:$D$509)=D10,'75'!F10) -> no
A11: andreea bratu | B11: andreea barbu | C11: A5064542404 | D11: A5098667658 | E11: 85 | F11: =IF(_xlfn.XLOOKUP(C11,'75'!$C$2:$C$509,'75'!$D$2:$D$509)=D11,'75'!F11) -> ok
A12: jil a busmann | B12: jil busmann | C12: A5072224327 | D12: A5074527350 | E12: 92 | F12: =IF(_xlfn.XLOOKUP(C12,'75'!$C$2:$C$509,'75'!$D$2:$D$509)=D12,'75'!F12) -> no
A13: scott e bernstein | B13: scott bernstein | C13: A5057881599 | D13: A5002125273 | E13: 94 | F13: =IF(_xlfn.XLOOKUP(C13,'75'!$C$2:$C$509,'75'!$D$2:$D$509)=D13,'75'!F13) -> no
A14: alishba bibal | B14: alishba bilal | C14: A5115512232 | D14: A5112957369 | E14: 92 | F14: =IF(_xlfn.XLOOKUP(C14,'75'!$C$2:$C$509,'75'!$D$2:$D$509)=D14,'75'!F14) -> ok
A15: ignacio calderon de la barca | B15: igacio calderon de la barca | C15: A5017248675 | D15: A5050733708 | E15: 98 | F15: =IF(_xlfn.XLOOKUP(C15,'75'!$C$2:$C$509,'75'!$D$2:$D$509)=D15,'75'!F15) -> no
A16: z brumme | B16: zl brumme | C16: A5075252668 | D16: A5084001641 | E16: 94 | F16: =IF(_xlfn.XLOOKUP(C16,'75'!$C$2:$C$509,'75'!$D$2:$D$509)=D16,'75'!F16) -> no
A17: mirzafaisal beg | B17: mirza faisal beg | C17: A5104015115 | D17: A5000972836 | E17: 97 | F17: =IF(_xlfn.XLOOKUP(C17,'75'!$C$2:$C$509,'75'!$D$2:$D$509)=D17,'75'!F17) -> ok
A18: john j clague | B18: j j clague | C18: A5090873433 | D18: A5000296592 | E18: 87 | F18: =IF(_xlfn.XLOOKUP(C18,'75'!$C$2:$C$509,'75'!$D$2:$D$509)=D18,'75'!F18) -> no
... A20: caroline colijn | B20: caroline coljin | C20: A5091754800 | D20: A5019122524 | E20: 93 | F20: =IF(_xlfn.XLOOKUP(C20,'75'!$C$2:$C$509,'75'!$D$2:$D$509)=D20,'75'!F20) -> no
A21: caroline colijn | B21: caroline colijin | C21: A5091754800 | D21: A5092252314 | E21: 97 | F21: ok
A22: yuxi chen | B22: xi chen | C22: A5100764265 | D22: A5100690182 | E22: 88 | F22: no
A23: brian e conway | B23: brian conway | C23: A5109163734 | D23: A5101537673 | E23: 92 | F23: =IF(_xlfn.XLOOKUP(C23,'75'!$C$2:$C$509,'75'!$D$2:$D$509)=D23,'75'!F23) -> ok
A24: david c clarke | B24: dave c clarke | C24: A5062270975 | D24: A5112840346 | E24: 89 | F24: ok
A25: teresa cheung | B25: teresa p cheung | C25: A5077739432 | D25: A5079537793 | E25: 93 | F25: ok
A26: anita t cotÃ© | B26: anita cotÃ© | C26: A5072214202 | D26: A5066224186 | E26: 91 | F26: =IF(_xlfn.XLOOKUP(C26,'75'!$C$2:$C$509,'75'!$D$2:$D$509)=D26,'75'!F26) -> no
A27: stephen choi | B27: stephen collis | C27: A5046677225 | D27: A5015481958 | E27: 85 | F27: =IF(_xlfn.XLOOKUP(C27,'75'!$C$2:$C$509,'75'!$D$2:$D$509)=D27,'75'!F27) -> ok
A28: daniel chang | B28: daniel chiang | C28: A5044668950 | D28: A5006979877 | E28: 96 | F28: no
A29: si chen | B29: xi chen | C29: A5100366176 | D29: A5100690182 | E29: 86 | F29: no
A30: qimin chen | B30: imin chen | C30: A5069419461 | D30: A5024124555 | E30: 95 | F30: =IF(_xlfn.XLOOKUP(C30,'75'!$C$2:$C$509,'75'!$D$2:$D$509)=D30,'75'!F30) -> ok
A31: maude comtoisâ€cabana | B31: maude comtois cabana | C31: A5071955961 | D31: A5007654876 | E31: 95 | F31: =IF(_xlfn.XLOOKUP(C31,'75'!$C$2:$C$509,'75'!$D$2:$D$509)=D31,'75'!F31) -> ok
A32: a carr | B32: a carter | C32: A5081082111 | D32: A5004107679 | E32: 86 | F32: =IF(_xlfn.XLOOKUP(C32,'75'!$C$2:$C$509,'75'!$D$2:$D$509)=D32,'75'!F32) -> no
A33: stephanie j cooper | B33: stephanie cooper | C33: A5103638663 | D33: A5111618796 | E33: 94 | F33: =IF(_xlfn.XLOOKUP(C33,'75'!$C$2:$C$509,'75'!$D$2:$D$509)=D33,'75'!F33) -> no
A34: dave clarke | B34: dave c clarke | C34: A5075735110 | D34: A5112840346 | E34: 92 | F34: =IF(_xlfn.XLOOKUP(C34,'75'!$C$2:$C$509,'75'!$D$2:$D$509)=D34,'75'!F34) -> no
A35: caroline coljin | B35: caroline colijin | C35: A5019122524 | D35: A5092252314 | E35: 97 | F35: =IF(_xlfn.XLOOKUP(C35,'75'!$C$2:$C$509,'75'!$D$2:$D$509)=D35,'75'!F35) -> ok
A36: hugo cardoso | B36: hugo fv cardoso | C36: A5102492080 | D36: A5078265907 | E36: 89 | F36: =IF(_xlfn.XLOOKUP(C36,'75'!$C$2:$C$509,'75'!$D$2:$D$509)=D36,'75'!F36) -> ok
A37: sam m doesburg | B37: sam doesburg | C37: A5081393957 | D37: A5022796523 | E37: 92 | F37: =IF(_xlfn.XLOOKUP(C37,'75'!$C$2:$C$509,'75'!$D$2:$D$509)=D37,'75'!F37) -> no
A38: garth w p davies | B38: garth davies | C38: A5061377171 | D38: A5104079126 | E38: 86 | F38: =IF(_xlfn.XLOOKUP(C38,'75'!$C$2:$C$509,'75'!$D$2:$D$509)=D38,'75'!F38) -> no
A39: andrÃ©anne doyon | B39: andrÃ© doyon | C39: A5020845547 | D39: A5066893131 | E39: 85 | F39: =IF(_xlfn.XLOOKUP(C39,'75'!$C$2:$C$509,'75'!$D$2:$D$509)=D39,'75'!F39) -> ok
A40: andrÃ©anne doyon | B40: andreanne doyon | C40: A5020845547 | D40: A5106389029 | E40: 93 | F40: ok
A41: thomas donaldson | B41: tom donaldson | C41: A5002800300 | D41: A5046128130 | E41: 90 | F41: =IF(_xlfn.XLOOKUP(C41,'75'!$C$2:$C$509,'75'!$D$2:$D$509)=D41,'75'!F41) -> no
A42: clara vada etter | B42: clara v etter | C42: A5077611536 | D42: A5068946645 | E42: 90 | F42: =IF(_xlfn.XLOOKUP(C42,'75'!$C$2:$C$509,'75'!$D$2:$D$509)=D42,'75'!F42) -> no
A43: richard g frank | B43: richard frank | C43: A5018486913 | D43: A5030367930 | E43: 93 | F43: =IF(_xlfn.XLOOKUP(C43,'75'!$C$2:$C$509,'75'!$D$2:$D$509)=D43,'75'!F43) -> ok
A44: faranak farzan | B44: farnak farzan | C44: A5015821361 | D44: A5016330282 | E44: 96 | F44: =IF(_xlfn.XLOOKUP(C44,'75'!$C$2:$C$509,'75'!$D$2:$D$509)=D44,'75'!F44) -> ok
A45: andrei v frolov | B45: andrei v frolovand | C45: A5036300411 | D45: A5047401072 | E45: 91 | F45: =IF(_xlfn.XLOOKUP(C45,'75'!$C$2:$C$509,'75'!$D$2:$D$509)=D45,'75'!F45) -> no
A46: henry a finn | B46: henry finn | C46: A5029860397 | D46: A5080374417 | E46: 91 | F46: =IF(_xlfn.XLOOKUP(C46,'75'!$C$2:$C$509,'75'!$D$2:$D$509)=D46,'75'!F46) -> ok
A47: ron ferguson | B47: arron ferguson | C47: A5113563751 | D47: A5037222281 | E47: 92 | F47: =IF(_xlfn.XLOOKUP(C47,'75'!$C$2:$C$509,'75'!$D$2:$D$509)=D47,'75'!F47) -> ok
A48: sina fatolahzadeh | B48: s fatolahzadeh | C48: A5028619456 | D48: A5106384340 | E48: 90 | F48: =IF(_xlfn.XLOOKUP(C48,'75'!$C$2:$C$509,'75'!$D$2:$D$509)=D48,'75'!F48) -> ok
A49: susanne w fietz | B49: w susanne fietz | C49: A5093010858 | D49: A5052771299 | E49: 87 | F49: =IF(_xlfn.XLOOKUP(C49,'75'!$C$2:$C$509,'75'!$D$2:$D$509)=D49,'75'!F49) -> ok
A50: birutÃ© m f galdikas | B50: birute mary f galdikas | C50: A5110301419 | D50: A5110389729 | E50: 88 | F50: =IF(_xlfn.XLOOKUP(C50,'75'!$C$2:$C$509,'75'!$D$2:$D$509)=D50,'75'!F50) -> no
A51: alissa greer | B51: alissa m greer | C51: A5037509232 | D51: A5102942084 | E51: 92 | F51: =IF(_xlfn.XLOOKUP(C51,'75'!$C$2:$C$509,'75'!$D$2:$D$509)=D51,'75'!F51) -> no
A52: daniel r y gan | B52: daniel ry gan | C52: A5075926575 | D52: A5091261371 | E52: 96 | F52: =IF(_xlfn.XLOOKUP(C52,'75'!$C$2:$C$509,'75'!$D$2:$D$509)=D52,'75'!F52) -> no
... A80: angela kaida | B80: angela kaidaon | C80: A5091089188 | D80: A5095333481 | E80: 92 | F80: =IF(_xlfn.XLOOKUP(C80,'75'!$C$2:$C$509,'75'!$D$2:$D$509)=D80,'75'!F80) -> no
A81: b liu | B81: b lu | C81: A5114378471 | D81: A5067826387 | E81: 89 | F81: no
A82: cheng li | B82: cheng lit | C82: A5100354297 | D82: A5094001550 | E82: 94 | F82: no
A83: kelley lee | B83: kelsey lee | C83: A5019363540 | D83: A5047999240 | E83: 90 | F83: no
A84: richard lockhart | B84: richard loat | C84: A5035238514 | D84: A5052159696 | E84: 86 | F84: =IF(_xlfn.XLOOKUP(C84,'75'!$C$2:$C$509,'75'!$D$2:$D$509)=D84,'75'!F84) -> no
A85: alexandra lysova | B85: alexandra v lysova | C85: A5088763872 | D85: A5096742315 | E85: 94 | F85: =IF(_xlfn.XLOOKUP(C85,'75'!$C$2:$C$509,'75'!$D$2:$D$509)=D85,'75'!F85) -> no
A86: sabrina s m lee | B86: sabrina sm lee | C86: A5080857003 | D86: A5079701172 | E86: 97 | F86: =IF(_xlfn.XLOOKUP(C86,'75'!$C$2:$C$509,'75'!$D$2:$D$509)=D86,'75'!F86) -> no
A87: chelsey lee | B87: kelsey lee | C87: A5037459113 | D87: A5047999240 | E87: 86 | F87: =IF(_xlfn.XLOOKUP(C87,'75'!$C$2:$C$509,'75'!$D$2:$D$509)=D87,'75'!F87) -> no
A88: n lehmann | B88: k lehmann | C88: A5107889357 | D88: A5105764596 | E88: 89 | F88: =IF(_xlfn.XLOOKUP(C88,'75'!$C$2:$C$509,'75'!$D$2:$D$509)=D88,'75'!F88) -> no
A89: luyao lin | B89: leyao lin | C89: A5062615947 | D89: A5025114845 | E89: 89 | F89: =IF(_xlfn.XLOOKUP(C89,'75'!$C$2:$C$509,'75'!$D$2:$D$509)=D89,'75'!F89) -> no
A90: elfituri s lahemer | B90: elfituri lahamer | C90: A5032341373 | D90: A5055198520 | E90: 88 | F90: =IF(_xlfn.XLOOKUP(C90,'75'!$C$2:$C$509,'75'!$D$2:$D$509)=D90,'75'!F90) -> no
A91: ryan d morin | B91: r d morin | C91: A5081644676 | D91: A5027417971 | E91: 86 | F91: =IF(_xlfn.XLOOKUP(C91,'75'!$C$2:$C$509,'75'!$D$2:$D$509)=D91,'75'!F91) -> ok
A92: john j mcdonald | B92: john a macdonald | C92: A5077824553 | D92: A5103468821 | E92: 90 | F92: =IF(_xlfn.XLOOKUP(C92,'75'!$C$2:$C$509,'75'!$D$2:$D$509)=D92,'75'!F92) -> no
A93: gordon mctaggart-cowan | B93: gp mctaggart-cowan | C93: A5040189249 | D93: A5108717311 | E93: 85 | F93: =IF(_xlfn.XLOOKUP(C93,'75'!$C$2:$C$509,'75'!$D$2:$D$509)=D93,'75'!F93) -> ok
A94: john a macdonald | B94: ja macdonald | C94: A5103468821 | D94: A5000418425 | E94: 86 | F94: =IF(_xlfn.XLOOKUP(C94,'75'!$C$2:$C$509,'75'!$D$2:$D$509)=D94,'75'!F94) -> no
A95: mark mahadeo | B95: mark n mahadeo | C95: A5012970291 | D95: A5086131135 | E95: 92 | F95: =IF(_xlfn.XLOOKUP(C95,'75'!$C$2:$C$509,'75'!$D$2:$D$509)=D95,'75'!F95) -> no
... A99: anneâ€marie nicol | B99: anne marie nicol | C99: A5110840814 | D99: A5113313391 | E99: 94 | F99: =IF(_xlfn.XLOOKUP(C99,'75'!$C$2:$C$509,'75'!$D$2:$D$509)=D99,'75'!F99) -> ok
A100: anneâ€marie nicol | B100: anne-marie nicole | C100: A5110840814 | D100: A5113360973 | E100: 91 | F100: ok
A101: anne marie nicol | B101: anne-marie nicole | C101: A5113313391 | D101: A5113360973 | E101: 91 | F101: =IF(_xlfn.XLOOKUP(C101,'75'!$C$2:$C$509,'75'!$D$2:$D$509)=D101,'75'!F101) -> ok
A102: william odom | B102: will odom | C102: A5073024818 | D102: A5056121536 | E102: 86 | F102: =IF(_xlfn.XLOOKUP(C102,'75'!$C$2:$C$509,'75'!$D$2:$D$509)=D102,'75'!F102) -> ok
A103: marlena ornowska | B103: ms marlena ornowska | C103: A5064059636 | D103: A5109595986 | E103: 91 | F103: ok
A104: katherine oâ€™donnell | B104: katherine a oâ€™donnell | C104: A5066229322 | D104: A5103744218 | E104: 95 | F104: =IF(_xlfn.XLOOKUP(C104,'75'!$C$2:$C$509,'75'!$D$2:$D$509)=D104,'75'!F104) -> no
A105: jf ogilvie | B105: j f ogilvie | C105: A5006142451 | D105: A5023738667 | E105: 95 | F105: =IF(_xlfn.XLOOKUP(C105,'75'!$C$2:$C$509,'75'!$D$2:$D$509)=D105,'75'!F105) -> no
A106: d c oâ€™neil | B106: dc oneil | C106: A5103713192 | D106: A5045650275 | E106: 89 | F106: =IF(_xlfn.XLOOKUP(C106,'75'!$C$2:$C$509,'75'!$D$2:$D$509)=D106,'75'!F106) -> no
A107: david j price | B107: david price | C107: A5057027392 | D107: A5102969601 | E107: 92 | F107: =IF(_xlfn.XLOOKUP(C107,'75'!$C$2:$C$509,'75'!$D$2:$D$509)=D107,'75'!F107) -> no
A108: david j price | B108: david j prime | C108: A5057027392 | D108: A5103543042 | E108: 92 | F108: no
A109: david price | B109: david prime | C109: A5102969601 | D109: A5009690588 | E109: 91 | F109: no
A110: edward j park | B110: edward park | C110: A5027049699 | D110: A5111270872 | E110: 92 | F110: =IF(_xlfn.XLOOKUP(C110,'75'!$C$2:$C$509,'75'!$D$2:$D$509)=D110,'75'!F110) -> ok
A111: david j prime | B111: david prime | C111: A5103543042 | D111: A5009690588 | E111: 92 | F111: =IF(_xlfn.XLOOKUP(C111,'75'!$C$2:$C$509,'75'!$D$2:$D$509)=D111,'75'!F111) -> no
A112: mn prentice | B112: m prentice | C112: A5114055326 | D112: A5112929889 | E112: 95 | F112: =IF(_xlfn.XLOOKUP(C112,'75'!$C$2:$C$509,'75'!$D$2:$D$509)=D112,'75'!F112) -> no
A113: michael p richards | B113: michael richards | C113: A5005684483 | D113: A5019215400 | E113: 94 | F113: =IF(_xlfn.XLOOKUP(C113,'75'!$C$2:$C$509,'75'!$D$2:$D$509)=D113,'75'!F113) -> ok
A114: bernhard e riecke | B114: bernhard rieke | C114: A5016706227 | D114: A5108830512 | E114: 90 | F114: =IF(_xlfn.XLOOKUP(C114,'75'!$C$2:$C$509,'75'!$D$2:$D$509)=D114,'75'!F114) -> ok
A115: stephen n robinovitch | B115: stephen n robinovich | C115: A5017663407 | D115: A5007182790 | E115: 98 | F115: ok
A116: steven reynolds | B116: steve reynolds | C116: A5009546214 | D116: A5109852452 | E116: 97 | F116: =IF(_xlfn.XLOOKUP(C116,'75'!$C$2:$C$509,'75'!$D$2:$D$509)=D116,'75'!F116) -> ok
A117: sarah robinson | B117: sarah j robinson | C117: A5086557273 | D117: A5034966587 | E117: 93 | F117: =IF(_xlfn.XLOOKUP(C117,'75'!$C$2:$C$509,'75'!$D$2:$D$509)=D117,'75'!F117) -> ok
A118: eline a de rooij | B118: eline de rooij | C118: A5021349143 | D118: A5053298356 | E118: 93 | F118: =IF(_xlfn.XLOOKUP(C118,'75'!$C$2:$C$509,'75'!$D$2:$D$509)=D118,'75'!F118) -> no
A119: stephanie l rayner | B119: stephanie l renkers | C119: A5028857421 | D119: A5106797872 | E119: 86 | F119: =IF(_xlfn.XLOOKUP(C119,'75'!$C$2:$C$509,'75'!$D$2:$D$509)=D119,'75'!F119) -> ok
A120: chase l radford | B120: chase radford | C120: A5007555900 | D120: A5035799498 | E120: 93 | F120: =IF(_xlfn.XLOOKUP(C120,'75'!$C$2:$C$509,'75'!$D$2:$D$509)=D120,'75'!F120) -> no
A121: ramani ramaseshan | B121: ramani remaseshan | C121: A5103840556 | D121: A5092835365 | E121: 94 | F121: =IF(_xlfn.XLOOKUP(C121,'75'!$C$2:$C$509,'75'!$D$2:$D$509)=D121,'75'!F121) -> ok
A122: lauren faulkner rossi | B122: lauren n faulkner rossi | C122: A5023044639 | D122: A5072640534 | E122: 95 | F122: =IF(_xlfn.XLOOKUP(C122,'75'!$C$2:$C$509,'75'!$D$2:$D$509)=D122,'75'!F122) -> ok
A123: patrick morgan ritchie | B123: patrick m ritchie | C123: A5040169002 | D123: A5086371059 | E123: 87 | F123: =IF(_xlfn.XLOOKUP(C123,'75'!$C$2:$C$509,'75'!$D$2:$D$509)=D123,'75'!F123) -> no
A124: javairia rahim | B124: javaria f rahim | C124: A5006521692 | D124: A5055183771 | E124: 90 | F124: =IF(_xlfn.XLOOKUP(C124,'75'!$C$2:$C$509,'75'!$D$2:$D$509)=D124,'75'!F124) -> ok
A125: z john shen | B125: john shen | C125: A5013766145 | D125: A5063633720 | E125: 90 | F125: =IF(_xlfn.XLOOKUP(C125,'75'!$C$2:$C$509,'75'!$D$2:$D$509)=D125,'75'!F125) -> ok
A126: wolfgang stuerzlinger | B126: wolfgang stÃ¼rzlinger | C126: A5085460170 | D126: A5106113183 | E126: 93 | F126: =IF(_xlfn.XLOOKUP(C126,'75'!$C$2:$C$509,'75'!$D$2:$D$509)=D126,'75'!F126) -> no
A127: nadine schuurman | B127: nadine schuurmann | C127: A5071764220 | D127: A5014876465 | E127: 97 | F127: =IF(_xlfn.XLOOKUP(C127,'75'!$C$2:$C$509,'75'!$D$2:$D$509)=D127,'75'!F127) -> ok
... A143: jennifer s wong | B143: jennifer wang | C143: A5018101953 | D143: A5023442198 | E143: 86 | F143: =IF(_xlfn.XLOOKUP(C143,'75'!$C$2:$C$509,'75'!$D$2:$D$509)=D143,'75'!F143) -> ok
A144: qi wang | B144: yi wang | C144: A5100341251 | D144: A5071864494 | E144: 86 | F144: no
A145: david g t whitehurst | B145: david gt whitehirst | C145: A5045933977 | D145: A5113131774 | E145: 92 | F145: =IF(_xlfn.XLOOKUP(C145,'75'!$C$2:$C$509,'75'!$D$2:$D$509)=D145,'75'!F145) -> no
A146: bixia wang | B146: bi-xia wang | C146: A5052919764 | D146: A5113040768 | E146: 95 | F146: ok
...

Sheet 88
A1: name1 | B1: name2 | C1: id1 | D1: id2 | E1: similarity_score | F1: ok/no
A2: ahmed alâ€rawi | B2: ahmed al-rawi | C2: A5050245548 | D2: A5093769593 | E2: 92 | F2: =IF(_xlfn.XLOOKUP(C2,'75'!$C$2:$C$509,'75'!$D$2:$D$509)=D2,'75'!F2) -> ok | H2: %ok | I2: =COUNTIF(F2:F123, "ok")/122 -> 0.41803279 | J2: =COUNTIF(F2:F123,"ok") -> 51
A3: vinÃ­cius c azevedo | B3: vinicius c azevedo | C3: A5112368463 | D3: A5103260690 | E3: 94 | F3: =IF(_xlfn.XLOOKUP(C3,'75'!$C$2:$C$509,'75'!$D$2:$D$509)=D3,'75'!F3) -> no | H3: %no | I3: =COUNTIF(F2:F123, "no")/122 -> 0.58196721 | J3: =COUNTIF(F2:F123,"no") -> 71
A4: christopher beh | B4: christopher buse | C4: A5012256170 | D4: A5118970217 | E4: 90 | F4: no
A5: tom c brown | B5: tom brown | C5: A5112796676 | D5: A5078745916 | E5: 90 | F5: =IF(_xlfn.XLOOKUP(C5,'75'!$C$2:$C$509,'75'!$D$2:$D$509)=D5,'75'!F5) -> no
A6: andreÇ a bulatov | B6: andreÄ­ a bulatov | C6: A5103266587 | D6: A5108247017 | E6: 94 | F6: =IF(_xlfn.XLOOKUP(C6,'75'!$C$2:$C$509,'75'!$D$2:$D$509)=D6,'75'!F6) -> ok
A7: megan barker | B7: megan k barker | C7: A5056468452 | D7: A5054202306 | E7: 92 | F7: =IF(_xlfn.XLOOKUP(C7,'75'!$C$2:$C$509,'75'!$D$2:$D$509)=D7,'75'!F7) -> no
A8: tim u h baumeister | B8: tim baumeister | C8: A5019595229 | D8: A5058323325 | E8: 88 | F8: =IF(_xlfn.XLOOKUP(C8,'75'!$C$2:$C$509,'75'!$D$2:$D$509)=D8,'75'!F8) -> no
A9: jil a busmann | B9: jil busmann | C9: A5072224327 | D9: A5074527350 | E9: 92 | F9: =IF(_xlfn.XLOOKUP(C9,'75'!$C$2:$C$509,'75'!$D$2:$D$509)=D9,'75'!F9) -> no
A10: scott e bernstein | B10: scott bernstein | C10: A5057881599 | D10: A5002125273 | E10: 94 | F10: =IF(_xlfn.XLOOKUP(C10,'75'!$C$2:$C$509,'75'!$D$2:$D$509)=D10,'75'!F10) -> no
A11: alishba bibal | B11: alishba bilal | C11: A5115512232 | D11: A5112957369 | E11: 92 | F11: =IF(_xlfn.XLOOKUP(C11,'75'!$C$2:$C$509,'75'!$D$2:$D$509)=D11,'75'!F11) -> ok
A12: ignacio calderon de la barca | B12: igacio calderon de la barca | C12: A5017248675 | D12: A5050733708 | E12: 98 | F12: =IF(_xlfn.XLOOKUP(C12,'75'!$C$2:$C$509,'75'!$D$2:$D$509)=D12,'75'!F12) -> no
A13: z brumme | B13: zl brumme | C13: A5075252668 | D13: A5084001641 | E13: 94 | F13: =IF(_xlfn.XLOOKUP(C13,'75'!$C$2:$C$509,'75'!$D$2:$D$509)=D13,'75'!F13) -> no
A14: mirzafaisal beg | B14: mirza faisal beg | C14: A5104015115 | D14: A5000972836 | E14: 97 | F14: =IF(_xlfn.XLOOKUP(C14,'75'!$C$2:$C$509,'75'!$D$2:$D$509)=D14,'75'!F14) -> ok
A15: jennifer a chan | B15: jennifer c y chan | C15: A5067228740 | D15: A5029500670 | E15: 88 | F15: =IF(_xlfn.XLOOKUP(C15,'75'!$C$2:$C$509,'75'!$D$2:$D$509)=D15,'75'!F15) -> no
A16: caroline colijn | B16: caroline coljin | C16: A5091754800 | D16: A5019122524 | E16: 93 | F16: =IF(_xlfn.XLOOKUP(C16,'75'!$C$2:$C$509,'75'!$D$2:$D$509)=D16,'75'!F16) -> no
A17: caroline colijn | B17: caroline colijin | C17: A5091754800 | D17: A5092252314 | E17: 97 | F17: ok
A18: yuxi chen | B18: xi chen | C18: A5100764265 | D18: A5100690182 | E18: 88 | F18: no
A19: brian e conway | B19: brian conway | C19: A5109163734 | D19: A5101537673 | E19: 92 | F19: =IF(_xlfn.XLOOKUP(C19,'75'!$C$2:$C$509,'75'!$D$2:$D$509)=D19,'75'!F19) -> ok
A20: david c clarke | B20: dave c clarke | C20: A5062270975 | D20: A5112840346 | E20: 89 | F20: ok
A21: teresa cheung | B21: teresa p cheung | C21: A5077739432 | D21: A5079537793 | E21: 93 | F21: ok
A22: anita t cotÃ© | B22: anita cotÃ© | C22: A5072214202 | D22: A5066224186 | E22: 91 | F22: =IF(_xlfn.XLOOKUP(C22,'75'!$C$2:$C$509,'75'!$D$2:$D$509)=D22,'75'!F22) -> no
A23: daniel chang | B23: daniel chiang | C23: A5044668950 | D23: A5006979877 | E23: 96 | F23: no
A24: qimin chen | B24: imin chen | C24: A5069419461 | D24: A5024124555 | E24: 95 | F24: =IF(_xlfn.XLOOKUP(C24,'75'!$C$2:$C$509,'75'!$D$2:$D$509)=D24,'75'!F24) -> no
A25: maude comtoisâ€cabana | B25: maude comtois cabana | C25: A5071955961 | D25: A5007654876 | E25: 95 | F25: =IF(_xlfn.XLOOKUP(C25,'75'!$C$2:$C$509,'75'!$D$2:$D$509)=D25,'75'!F25) -> no
A26: stephanie j cooper | B26: stephanie cooper | C26: A5103638663 | D26: A5111618796 | E26: 94 | F26: =IF(_xlfn.XLOOKUP(C26,'75'!$C$2:$C$509,'75'!$D$2:$D$509)=D26,'75'!F26) -> no
A27: dave clarke | B27: dave c clarke | C27: A5075735110 | D27: A5112840346 | E27: 92 | F27: =IF(_xlfn.XLOOKUP(C27,'75'!$C$2:$C$509,'75'!$D$2:$D$509)=D27,'75'!F27) -> ok
A28: caroline coljin | B28: caroline colijin | C28: A5019122524 | D28: A5092252314 | E28: 97 | F28: =IF(_xlfn.XLOOKUP(C28,'75'!$C$2:$C$509,'75'!$D$2:$D$509)=D28,'75'!F28) -> ok
A29: hugo cardoso | B29: hugo fv cardoso | C29: A5102492080 | D29: A5078265907 | E29: 89 | F29: =IF(_xlfn.XLOOKUP(C29,'75'!$C$2:$C$509,'75'!$D$2:$D$509)=D29,'75'!F29) -> no
A30: sam m doesburg | B30: sam doesburg | C30: A5081393957 | D30: A5022796523 | E30: 92 | F30: =IF(_xlfn.XLOOKUP(C30,'75'!$C$2:$C$509,'75'!$D$2:$D$509)=D30,'75'!F30) -> ok
A31: andrÃ©anne doyon | B31: andreanne doyon | C31: A5020845547 | D31: A5106389029 | E31: 93 | F31: ok
A32: thomas donaldson | B32: tom donaldson | C32: A5002800300 | D32: A5046128130 | E32: 90 | F32: =IF(_xlfn.XLOOKUP(C32,'75'!$C$2:$C$509,'75'!$D$2:$D$509)=D32,'75'!F32) -> no
A33: clara vada etter | B33: clara v etter | C33: A5077611536 | D33: A5068946645 | E33: 90 | F33: =IF(_xlfn.XLOOKUP(C33,'75'!$C$2:$C$509,'75'!$D$2:$D$509)=D33,'75'!F33) -> no
A34: richard g frank | B34: richard frank | C34: A5018486913 | D34: A5030367930 | E34: 93 | F34: =IF(_xlfn.XLOOKUP(C34,'75'!$C$2:$C$509,'75'!$D$2:$D$509)=D34,'75'!F34) -> no
A35: faranak farzan | B35: farnak farzan | C35: A5015821361 | D35: A5016330282 | E35: 96 | F35: =IF(_xlfn.XLOOKUP(C35,'75'!$C$2:$C$509,'75'!$D$2:$D$509)=D35,'75'!F35) -> ok
A36: andrei v frolov | B36: andrei v frolovand | C36: A5036300411 | D36: A5047401072 | E36: 91 | F36: =IF(_xlfn.XLOOKUP(C36,'75'!$C$2:$C$509,'75'!$D$2:$D$509)=D36,'75'!F36) -> ok
A37: henry a finn | B37: henry finn | C37: A5029860397 | D37: A5080374417 | E37: 91 | F37: =IF(_xlfn.XLOOKUP(C37,'75'!$C$2:$C$509,'75'!$D$2:$D$509)=D37,'75'!F37) -> no
A38: ron ferguson | B38: arron ferguson | C38: A5113563751 | D38: A5037222281 | E38: 92 | F38: =IF(_xlfn.XLOOKUP(C38,'75'!$C$2:$C$509,'75'!$D$2:$D$509)=D38,'75'!F38) -> no
A39: sina fatolahzadeh | B39: s fatolahzadeh | C39: A5028619456 | D39: A5106384340 | E39: 90 | F39: =IF(_xlfn.XLOOKUP(C39,'75'!$C$2:$C$509,'75'!$D$2:$D$509)=D39,'75'!F39) -> ok
A40: birutÃ© m f galdikas | B40: birute mary f galdikas | C40: A5110301419 | D40: A5110389729 | E40: 88 | F40: =IF(_xlfn.XLOOKUP(C40,'75'!$C$2:$C$509,'75'!$D$2:$D$509)=D40,'75'!F40) -> ok
A41: alissa greer | B41: alissa m greer | C41: A5037509232 | D41: A5102942084 | E41: 92 | F41: =IF(_xlfn.XLOOKUP(C41,'75'!$C$2:$C$509,'75'!$D$2:$D$509)=D41,'75'!F41) -> no
A42: daniel r y gan | B42: daniel ry gan | C42: A5075926575 | D42: A5091261371 | E42: 96 | F42: =IF(_xlfn.XLOOKUP(C42,'75'!$C$2:$C$509,'75'!$D$2:$D$509)=D42,'75'!F42) -> no
A43: shreemouna gurung | B43: sheemouna gurung | C43: A5088826260 | D43: A5114125674 | E43: 97 | F43: =IF(_xlfn.XLOOKUP(C43,'75'!$C$2:$C$509,'75'!$D$2:$D$509)=D43,'75'!F43) -> ok
... A65: angela kaida | B65: angela kaidaon | C65: A5091089188 | D65: A5095333481 | E65: 92 | F65: =IF(_xlfn.XLOOKUP(C65,'75'!$C$2:$C$509,'75'!$D$2:$D$509)=D65,'75'!F65) -> no
A66: b liu | B66: b lu | C66: A5114378471 | D66: A5067826387 | E66: 89 | F66: no
A67: cheng li | B67: cheng lit | C67: A5100354297 | D67: A5094001550 | E67: 94 | F67: ok
A68: kelley lee | B68: kelsey lee | C68: A5019363540 | D68: A5047999240 | E68: 90 | F68: no
A69: alexandra lysova | B69: alexandra v lysova | C69: A5088763872 | D69: A5096742315 | E69: 94 | F69: =IF(_xlfn.XLOOKUP(C69,'75'!$C$2:$C$509,'75'!$D$2:$D$509)=D69,'75'!F69) -> ok
A70: sabrina s m lee | B70: sabrina sm lee | C70: A5080857003 | D70: A5079701172 | E70: 97 | F70: =IF(_xlfn.XLOOKUP(C70,'75'!$C$2:$C$509,'75'!$D$2:$D$509)=D70,'75'!F70) -> no
A71: n lehmann | B71: k lehmann | C71: A5107889357 | D71: A5105764596 | E71: 89 | F71: =IF(_xlfn.XLOOKUP(C71,'75'!$C$2:$C$509,'75'!$D$2:$D$509)=D71,'75'!F71) -> ok
A72: luyao lin | B72: leyao lin | C72: A5062615947 | D72: A5025114845 | E72: 89 | F72: =IF(_xlfn.XLOOKUP(C72,'75'!$C$2:$C$509,'75'!$D$2:$D$509)=D72,'75'!F72) -> no
A73: elfituri s lahemer | B73: elfituri lahamer | C73: A5032341373 | D73: A5055198520 | E73: 88 | F73: =IF(_xlfn.XLOOKUP(C73,'75'!$C$2:$C$509,'75'!$D$2:$D$509)=D73,'75'!F73) -> no
A74: john j mcdonald | B74: john a macdonald | C74: A5077824553 | D74: A5103468821 | E74: 90 | F74: =IF(_xlfn.XLOOKUP(C74,'75'!$C$2:$C$509,'75'!$D$2:$D$509)=D74,'75'!F74) -> ok
A75: mark mahadeo | B75: mark n mahadeo | C75: A5012970291 | D75: A5086131135 | E75: 92 | F75: =IF(_xlfn.XLOOKUP(C75,'75'!$C$2:$C$509,'75'!$D$2:$D$509)=D75,'75'!F75) -> ok
A76: klinsmann j coelho silva meneses | B76: klinsmann j coelho silva menes | C76: A5062290806 | D76: A5093260777 | E76: 97 | F76: =IF(_xlfn.XLOOKUP(C76,'75'!$C$2:$C$509,'75'!$D$2:$D$509)=D76,'75'!F76) -> ok
A77: finlay c macnab | B77: finlay macnab | C77: A5067609189 | D77: A5054475200 | E77: 93 | F77: =IF(_xlfn.XLOOKUP(C77,'75'!$C$2:$C$509,'75'!$D$2:$D$509)=D77,'75'!F77) -> no
A78: anneâ€marie nicol | B78: anne marie nicol | C78: A5110840814 | D78: A5113313391 | E78: 94 | F78: =IF(_xlfn.XLOOKUP(C78,'75'!$C$2:$C$509,'75'!$D$2:$D$509)=D78,'75'!F78) -> no
A79: anneâ€marie nicol | B79: anne-marie nicole | C79: A5110840814 | D79: A5113360973 | E79: 91 | F79: ok
A80: anne marie nicol | B80: anne-marie nicole | C80: A5113313391 | D80: A5113360973 | E80: 91 | F80: =IF(_xlfn.XLOOKUP(C80,'75'!$C$2:$C$509,'75'!$D$2:$D$509)=D80,'75'!F80) -> no
A81: marlena ornowska | B81: ms marlena ornowska | C81: A5064059636 | D81: A5109595986 | E81: 91 | F81: ok
A82: katherine oâ€™donnell | B82: katherine a oâ€™donnell | C82: A5066229322 | D82: A5103744218 | E82: 95 | F82: =IF(_xlfn.XLOOKUP(C82,'75'!$C$2:$C$509,'75'!$D$2:$D$509)=D82,'75'!F82) -> no
A83: jf ogilvie | B83: j f ogilvie | C83: A5006142451 | D83: A5023738667 | E83: 95 | F83: =IF(_xlfn.XLOOKUP(C83,'75'!$C$2:$C$509,'75'!$D$2:$D$509)=D83,'75'!F83) -> no
A84: d c oâ€™neil | B84: dc oneil | C84: A5103713192 | D84: A5045650275 | E84: 89 | F84: =IF(_xlfn.XLOOKUP(C84,'75'!$C$2:$C$509,'75'!$D$2:$D$509)=D84,'75'!F84) -> no
A85: david j price | B85: david price | C85: A5057027392 | D85: A5102969601 | E85: 92 | F85: =IF(_xlfn.XLOOKUP(C85,'75'!$C$2:$C$509,'75'!$D$2:$D$509)=D85,'75'!F85) -> no
A86: david j price | B86: david j prime | C86: A5057027392 | D86: A5103543042 | E86: 92 | F86: no
A87: david price | B87: david prime | C87: A5102969601 | D87: A5009690588 | E87: 91 | F87: no
A88: edward j park | B88: edward park | C88: A5027049699 | D88: A5111270872 | E88: 92 | F88: =IF(_xlfn.XLOOKUP(C88,'75'!$C$2:$C$509,'75'!$D$2:$D$509)=D88,'75'!F88) -> no
A89: david j prime | B89: david prime | C89: A5103543042 | D89: A5009690588 | E89: 92 | F89: =IF(_xlfn.XLOOKUP(C89,'75'!$C$2:$C$509,'75'!$D$2:$D$509)=D89,'75'!F89) -> no
A90: mn prentice | B90: m prentice | C90: A5114055326 | D90: A5112929889 | E90: 95 | F90: =IF(_xlfn.XLOOKUP(C90,'75'!$C$2:$C$509,'75'!$D$2:$D$509)=D90,'75'!F90) -> no
A91: michael p richards | B91: michael richards | C91: A5005684483 | D91: A5019215400 | E91: 94 | F91: =IF(_xlfn.XLOOKUP(C91,'75'!$C$2:$C$509,'75'!$D$2:$D$509)=D91,'75'!F91) -> ok
A92: bernhard e riecke | B92: bernhard rieke | C92: A5016706227 | D92: A5108830512 | E92: 90 | F92: =IF(_xlfn.XLOOKUP(C92,'75'!$C$2:$C$509,'75'!$D$2:$D$509)=D92,'75'!F92) -> no
A93: stephen n robinovitch | B93: stephen n robinovich | C93: A5017663407 | D93: A5007182790 | E93: 98 | F93: ok
A94: steven reynolds | B94: steve reynolds | C94: A5009546214 | D94: A5109852452 | E94: 97 | F94: =IF(_xlfn.XLOOKUP(C94,'75'!$C$2:$C$509,'75'!$D$2:$D$509)=D94,'75'!F94) -> no
A95: sarah robinson | B95: sarah j robinson | C95: A5086557273 | D95: A5034966587 | E95: 93 | F95: =IF(_xlfn.XLOOKUP(C95,'75'!$C$2:$C$509,'75'!$D$2:$D$509)=D95,'75'!F95) -> no
A96: eline a de rooij | B96: eline de rooij | C96: A5021349143 | D96: A5053298356 | E96: 93 | F96: =IF(_xlfn.XLOOKUP(C96,'75'!$C$2:$C$509,'75'!$D$2:$D$509)=D96,'75'!F96) -> ok
A97: chase l radford | B97: chase radford | C97: A5007555900 | D97: A5035799498 | E97: 93 | F97: =IF(_xlfn.XLOOKUP(C97,'75'!$C$2:$C$509,'75'!$D$2:$D$509)=D97,'75'!F97) -> no
A98: ramani ramaseshan | B98: ramani remaseshan | C98: A5103840556 | D98: A5092835365 | E98: 94 | F98: =IF(_xlfn.XLOOKUP(C98,'75'!$C$2:$C$509,'75'!$D$2:$D$509)=D98,'75'!F98) -> no
A99: lauren faulkner rossi | B99: lauren n faulkner rossi | C99: A5023044639 | D99: A5072640534 | E99: 95 | F99: =IF(_xlfn.XLOOKUP(C99,'75'!$C$2:$C$509,'75'!$D$2:$D$509)=D99,'75'!F99) -> ok
A100: javairia rahim | B100: javaria f rahim | C100: A5006521692 | D100: A5055183771 | E100: 90 | F100: =IF(_xlfn.XLOOKUP(C100,'75'!$C$2:$C$509,'75'!$D$2:$D$509)=D100,'75'!F100) -> no
A101: z john shen | B101: john shen | C101: A5013766145 | D101: A5063633720 | E101: 90 | F101: =IF(_xlfn.XLOOKUP(C101,'75'!$C$2:$C$509,'75'!$D$2:$D$509)=D101,'75'!F101) -> ok
A102: wolfgang stuerzlinger | B102: wolfgang stÃ¼rzlinger | C102: A5085460170 | D102: A5106113183 | E102: 93 | F102: =IF(_xlfn.XLOOKUP(C102,'75'!$C$2:$C$509,'75'!$D$2:$D$509)=D102,'75'!F102) -> ok
A103: nadine schuurman | B103: nadine schuurmann | C103: A5071764220 | D103: A5014876465 | E103: 97 | F103: =IF(_xlfn.XLOOKUP(C103,'75'!$C$2:$C$509,'75'!$D$2:$D$509)=D103,'75'!F103) -> ok
A104: hasina samji | B104: hasina shamji | C104: A5032853894 | D104: A5003602094 | E104: 96 | F104: =IF(_xlfn.XLOOKUP(C104,'75'!$C$2:$C$509,'75'!$D$2:$D$509)=D104,'75'!F104) -> no
A105: michÃ¨le schmidt | B105: michelle schmidt | C105: A5091617213 | D105: A5039633290 | E105: 90 | F105: =IF(_xlfn.XLOOKUP(C105,'75'!$C$2:$C$509,'75'!$D$2:$D$509)=D105,'75'!F105) -> no
... A115: david g t whitehurst | B115: david gt whitehirst | C115: A5045933977 | D115: A5113131774 | E115: 92 | F115: =IF(_xlfn.XLOOKUP(C115,'75'!$C$2:$C$509,'75'!$D$2:$D$509)=D115,'75'!F115) -> no
A116: bixia wang | B116: bi-xia wang | C116: A5052919764 | D116: A5113040768 | E116: 95 | F116: ok
A117: lucas wu | B117: lucas y wu | C117: A5000594667 | D117: A5052301741 | E117: 89 | F117: =IF(_xlfn.XLOOKUP(C117,'75'!$C$2:$C$509,'75'!$D$2:$D$509)=D117,'75'!F117) -> ok
A118: tianbi wu | B118: tianbu wu | C118: A5077851516 | D118: A5113986242 | E118: 89 | F118: =IF(_xlfn.XLOOKUP(C118,'75'!$C$2:$C$509,'75'!$D$2:$D$509)=D118,'75'!F118) -> no
A119: xing-dong yang | B119: xingdong yang | C119: A5084933066 | D119: A5111939848 | E119: 96 | F119: =IF(_xlfn.XLOOKUP(C119,'75'!$C$2:$C$509,'75'!$D$2:$D$509)=D119,'75'!F119) -> ok
A120: sen yang | B120: wen yang | C120: A5101842208 | D120: A5100592332 | E120: 88 | F120: no
A121: m a yakovlev | B121: m yakovlev | C121: A5050510999 | D121: A5085376161 | E121: 91 | F121: =IF(_xlfn.XLOOKUP(C121,'75'!$C$2:$C$509,'75'!$D$2:$D$509)=D121,'75'!F121) -> ok
A122: zhilin zhang | B122: zhitian zhang | C122: A5100723116 | D122: A5111217709 | E122: 88 | F122: =IF(_xlfn.XLOOKUP(C122,'75'!$C$2:$C$509,'75'!$D$2:$D$509)=D122,'75'!F122) -> ok
A123: vanja zdjelar | B123: ivana zdjelar | C123: A5025292022 | D123: A5114472761 | E123: 92 | F123: =IF(_xlfn.XLOOKUP(C123,'75'!$C$2:$C$509,'75'!$D$2:$D$509)=D123,'75'!F123) -> no

Sheet 90
A1: name1 | B1: name2 | C1: id1 | D1: id2 | E1: similarity_score | F1: ok/no
A2: ahmed alâ€rawi | B2: ahmed al-rawi | C2: A5050245548 | D2: A5093769593 | E2: 92 | F2: =IF(_xlfn.XLOOKUP(C2,'75'!$C$2:$C$509,'75'!$D$2:$D$509)=D2,'75'!F2) -> ok | H2: %ok | I2: =COUNTIF(F2:F103, "ok")/102 -> 0.40196078 | J2: =COUNTIF(F2:F103,"ok") -> 41
A3: vinÃ­cius c azevedo | B3: vinicius c azevedo | C3: A5112368463 | D3: A5103260690 | E3: 94 | F3: =IF(_xlfn.XLOOKUP(C3,'75'!$C$2:$C$509,'75'!$D$2:$D$509)=D3,'75'!F3) -> no | H3: %no | I3: =COUNTIF(F2:F103,"no")/102 -> 0.59803922 | J3: =COUNTIF(F2:F103, "no") -> 61
A4: christopher beh | B4: christopher buse | C4: A5012256170 | D4: A5118970217 | E4: 90 | F4: no
A5: tom c brown | B5: tom brown | C5: A5112796676 | D5: A5078745916 | E5: 90 | F5: =IF(_xlfn.XLOOKUP(C5,'75'!$C$2:$C$509,'75'!$D$2:$D$509)=D5,'75'!F5) -> no
A6: andreÇ a bulatov | B6: andreÄ­ a bulatov | C6: A5103266587 | D6: A5108247017 | E6: 94 | F6: =IF(_xlfn.XLOOKUP(C6,'75'!$C$2:$C$509,'75'!$D$2:$D$509)=D6,'75'!F6) -> ok
A7: megan barker | B7: megan k barker | C7: A5056468452 | D7: A5054202306 | E7: 92 | F7: =IF(_xlfn.XLOOKUP(C7,'75'!$C$2:$C$509,'75'!$D$2:$D$509)=D7,'75'!F7) -> no
A8: jil a busmann | B8: jil busmann | C8: A5072224327 | D8: A5074527350 | E8: 92 | F8: =IF(_xlfn.XLOOKUP(C8,'75'!$C$2:$C$509,'75'!$D$2:$D$509)=D8,'75'!F8) -> no
A9: ` | B9: scott bernstein | C9: A5057881599 | D9: A5002125273 | E9: 94 | F9: =IF(_xlfn.XLOOKUP(C9,'75'!$C$2:$C$509,'75'!$D$2:$D$509)=D9,'75'!F9) -> no
A10: alishba bibal | B10: alishba bilal | C10: A5115512232 | D10: A5112957369 | E10: 92 | F10: =IF(_xlfn.XLOOKUP(C10,'75'!$C$2:$C$509,'75'!$D$2:$D$509)=D10,'75'!F10) -> no
A11: ignacio calderon de la barca | B11: igacio calderon de la barca | C11: A5017248675 | D11: A5050733708 | E11: 98 | F11: =IF(_xlfn.XLOOKUP(C11,'75'!$C$2:$C$509,'75'!$D$2:$D$509)=D11,'75'!F11) -> ok
A12: z brumme | B12: zl brumme | C12: A5075252668 | D12: A5084001641 | E12: 94 | F12: =IF(_xlfn.XLOOKUP(C12,'75'!$C$2:$C$509,'75'!$D$2:$D$509)=D12,'75'!F12) -> no
A13: mirzafaisal beg | B13: mirza faisal beg | C13: A5104015115 | D13: A5000972836 | E13: 97 | F13: =IF(_xlfn.XLOOKUP(C13,'75'!$C$2:$C$509,'75'!$D$2:$D$509)=D13,'75'!F13) -> no
A14: caroline colijn | B14: caroline coljin | C14: A5091754800 | D14: A5019122524 | E14: 93 | F14: =IF(_xlfn.XLOOKUP(C14,'75'!$C$2:$C$509,'75'!$D$2:$D$509)=D14,'75'!F14) -> ok
A15: caroline colijn | B15: caroline colijin | C15: A5091754800 | D15: A5092252314 | E15: 97 | F15: ok
A16: brian e conway | B16: brian conway | C16: A5109163734 | D16: A5101537673 | E16: 92 | F16: =IF(_xlfn.XLOOKUP(C16,'75'!$C$2:$C$509,'75'!$D$2:$D$509)=D16,'75'!F16) -> no
A17: teresa cheung | B17: teresa p cheung | C17: A5077739432 | D17: A5079537793 | E17: 93 | F17: ok
A18: anita t cotÃ© | B18: anita cotÃ© | C18: A5072214202 | D18: A5066224186 | E18: 91 | F18: =IF(_xlfn.XLOOKUP(C18,'75'!$C$2:$C$509,'75'!$D$2:$D$509)=D18,'75'!F18) -> no
A19: daniel chang | B19: daniel chiang | C19: A5044668950 | D19: A5006979877 | E19: 96 | F19: no
A20: qimin chen | B20: imin chen | C20: A5069419461 | D20: A5024124555 | E20: 95 | F20: =IF(_xlfn.XLOOKUP(C20,'75'!$C$2:$C$509,'75'!$D$2:$D$509)=D20,'75'!F20) -> no
A21: maude comtoisâ€cabana | B21: maude comtois cabana | C21: A5071955961 | D21: A5007654876 | E21: 95 | F21: =IF(_xlfn.XLOOKUP(C21,'75'!$C$2:$C$509,'75'!$D$2:$D$509)=D21,'75'!F21) -> no
A22: stephanie j cooper | B22: stephanie cooper | C22: A5103638663 | D22: A5111618796 | E22: 94 | F22: =IF(_xlfn.XLOOKUP(C22,'75'!$C$2:$C$509,'75'!$D$2:$D$509)=D22,'75'!F22) -> no
A23: dave clarke | B23: dave c clarke | C23: A5075735110 | D23: A5112840346 | E23: 92 | F23: =IF(_xlfn.XLOOKUP(C23,'75'!$C$2:$C$509,'75'!$D$2:$D$509)=D23,'75'!F23) -> ok
A24: caroline coljin | B24: caroline colijin | C24: A5019122524 | D24: A5092252314 | E24: 97 | F24: =IF(_xlfn.XLOOKUP(C24,'75'!$C$2:$C$509,'75'!$D$2:$D$509)=D24,'75'!F24) -> no
A25: sam m doesburg | B25: sam doesburg | C25: A5081393957 | D25: A5022796523 | E25: 92 | F25: =IF(_xlfn.XLOOKUP(C25,'75'!$C$2:$C$509,'75'!$D$2:$D$509)=D25,'75'!F25) -> no
A26: andrÃ©anne doyon | B26: andreanne doyon | C26: A5020845547 | D26: A5106389029 | E26: 93 | F26: ok
A27: thomas donaldson | B27: tom donaldson | C27: A5002800300 | D27: A5046128130 | E27: 90 | F27: =IF(_xlfn.XLOOKUP(C27,'75'!$C$2:$C$509,'75'!$D$2:$D$509)=D27,'75'!F27) -> ok
A28: clara vada etter | B28: clara v etter | C28: A5077611536 | D28: A5068946645 | E28: 90 | F28: =IF(_xlfn.XLOOKUP(C28,'75'!$C$2:$C$509,'75'!$D$2:$D$509)=D28,'75'!F28) -> ok
A29: richard g frank | B29: richard frank | C29: A5018486913 | D29: A5030367930 | E29: 93 | F29: =IF(_xlfn.XLOOKUP(C29,'75'!$C$2:$C$509,'75'!$D$2:$D$509)=D29,'75'!F29) -> no
A30: faranak farzan | B30: farnak farzan | C30: A5015821361 | D30: A5016330282 | E30: 96 | F30: =IF(_xlfn.XLOOKUP(C30,'75'!$C$2:$C$509,'75'!$D$2:$D$509)=D30,'75'!F30) -> ok
A31: andrei v frolov | B31: andrei v frolovand | C31: A5036300411 | D31: A5047401072 | E31: 91 | F31: =IF(_xlfn.XLOOKUP(C31,'75'!$C$2:$C$509,'75'!$D$2:$D$509)=D31,'75'!F31) -> ok
A32: henry a finn | B32: henry finn | C32: A5029860397 | D32: A5080374417 | E32: 91 | F32: =IF(_xlfn.XLOOKUP(C32,'75'!$C$2:$C$509,'75'!$D$2:$D$509)=D32,'75'!F32) -> no
A33: ron ferguson | B33: arron ferguson | C33: A5113563751 | D33: A5037222281 | E33: 92 | F33: =IF(_xlfn.XLOOKUP(C33,'75'!$C$2:$C$509,'75'!$D$2:$D$509)=D33,'75'!F33) -> no
A34: sina fatolahzadeh | B34: s fatolahzadeh | C34: A5028619456 | D34: A5106384340 | E34: 90 | F34: =IF(_xlfn.XLOOKUP(C34,'75'!$C$2:$C$509,'75'!$D$2:$D$509)=D34,'75'!F34) -> no
A35: alissa greer | B35: alissa m greer | C35: A5037509232 | D35: A5102942084 | E35: 92 | F35: =IF(_xlfn.XLOOKUP(C35,'75'!$C$2:$C$509,'75'!$D$2:$D$509)=D35,'75'!F35) -> ok
A36: daniel r y gan | B36: daniel ry gan | C36: A5075926575 | D36: A5091261371 | E36: 96 | F36: =IF(_xlfn.XLOOKUP(C36,'75'!$C$2:$C$509,'75'!$D$2:$D$509)=D36,'75'!F36) -> ok
A37: shreemouna gurung | B37: sheemouna gurung | C37: A5088826260 | D37: A5114125674 | E37: 97 | F37: =IF(_xlfn.XLOOKUP(C37,'75'!$C$2:$C$509,'75'!$D$2:$D$509)=D37,'75'!F37) -> no
A38: bhargav gadhvi | B38: bhargav gadhavi | C38: A5024718097 | D38: A5067698309 | E38: 97 | F38: =IF(_xlfn.XLOOKUP(C38,'75'!$C$2:$C$509,'75'!$D$2:$D$509)=D38,'75'!F38) -> no
... A55: angela kaida | B55: angela kaidaon | C55: A5091089188 | D55: A5095333481 | E55: 92 | F55: =IF(_xlfn.XLOOKUP(C55,'75'!$C$2:$C$509,'75'!$D$2:$D$509)=D55,'75'!F55) -> ok
A56: cheng li | B56: cheng lit | C56: A5100354297 | D56: A5094001550 | E56: 94 | F56: ok
A57: kelley lee | B57: kelsey lee | C57: A5019363540 | D57: A5047999240 | E57: 90 | F57: no
A58: alexandra lysova | B58: alexandra v lysova | C58: A5088763872 | D58: A5096742315 | E58: 94 | F58: =IF(_xlfn.XLOOKUP(C58,'75'!$C$2:$C$509,'75'!$D$2:$D$509)=D58,'75'!F58) -> no
A59: sabrina s m lee | B59: sabrina sm lee | C59: A5080857003 | D59: A5079701172 | E59: 97 | F59: =IF(_xlfn.XLOOKUP(C59,'75'!$C$2:$C$509,'75'!$D$2:$D$509)=D59,'75'!F59) -> no
A60: john j mcdonald | B60: john a macdonald | C60: A5077824553 | D60: A5103468821 | E60: 90 | F60: =IF(_xlfn.XLOOKUP(C60,'75'!$C$2:$C$509,'75'!$D$2:$D$509)=D60,'75'!F60) -> no
A61: mark mahadeo | B61: mark n mahadeo | C61: A5012970291 | D61: A5086131135 | E61: 92 | F61: =IF(_xlfn.XLOOKUP(C61,'75'!$C$2:$C$509,'75'!$D$2:$D$509)=D61,'75'!F61) -> ok
A62: klinsmann j coelho silva meneses | B62: klinsmann j coelho silva menes | C62: A5062290806 | D62: A5093260777 | E62: 97 | F62: =IF(_xlfn.XLOOKUP(C62,'75'!$C$2:$C$509,'75'!$D$2:$D$509)=D62,'75'!F62) -> no
A63: finlay c macnab | B63: finlay macnab | C63: A5067609189 | D63: A5054475200 | E63: 93 | F63: =IF(_xlfn.XLOOKUP(C63,'75'!$C$2:$C$509,'75'!$D$2:$D$509)=D63,'75'!F63) -> no
A64: anneâ€marie nicol | B64: anne marie nicol | C64: A5110840814 | D64: A5113313391 | E64: 94 | F64: =IF(_xlfn.XLOOKUP(C64,'75'!$C$2:$C$509,'75'!$D$2:$D$509)=D64,'75'!F64) -> no
A65: anneâ€marie nicol | B65: anne-marie nicole | C65: A5110840814 | D65: A5113360973 | E65: 91 | F65: ok
A66: anne marie nicol | B66: anne-marie nicole | C66: A5113313391 | D66: A5113360973 | E66: 91 | F66: =IF(_xlfn.XLOOKUP(C66,'75'!$C$2:$C$509,'75'!$D$2:$D$509)=D66,'75'!F66) -> no
A67: marlena ornowska | B67: ms marlena ornowska | C67: A5064059636 | D67: A5109595986 | E67: 91 | F67: ok
A68: katherine oâ€™donnell | B68: katherine a oâ€™donnell | C68: A5066229322 | D68: A5103744218 | E68: 95 | F68: =IF(_xlfn.XLOOKUP(C68,'75'!$C$2:$C$509,'75'!$D$2:$D$509)=D68,'75'!F68) -> ok
A69: jf ogilvie | B69: j f ogilvie | C69: A5006142451 | D69: A5023738667 | E69: 95 | F69: =IF(_xlfn.XLOOKUP(C69,'75'!$C$2:$C$509,'75'!$D$2:$D$509)=D69,'75'!F69) -> ok
A70: david j price | B70: david price | C70: A5057027392 | D70: A5102969601 | E70: 92 | F70: =IF(_xlfn.XLOOKUP(C70,'75'!$C$2:$C$509,'75'!$D$2:$D$509)=D70,'75'!F70) -> no
A71: david j price | B71: david j prime | C71: A5057027392 | D71: A5103543042 | E71: 92 | F71: no
A72: david price | B72: david prime | C72: A5102969601 | D72: A5009690588 | E72: 91 | F72: no
A73: edward j park | B73: edward park | C73: A5027049699 | D73: A5111270872 | E73: 92 | F73: =IF(_xlfn.XLOOKUP(C73,'75'!$C$2:$C$509,'75'!$D$2:$D$509)=D73,'75'!F73) -> no
A74: david j prime | B74: david prime | C74: A5103543042 | D74: A5009690588 | E74: 92 | F74: =IF(_xlfn.XLOOKUP(C74,'75'!$C$2:$C$509,'75'!$D$2:$D$509)=D74,'75'!F74) -> ok
A75: mn prentice | B75: m prentice | C75: A5114055326 | D75: A5112929889 | E75: 95 | F75: =IF(_xlfn.XLOOKUP(C75,'75'!$C$2:$C$509,'75'!$D$2:$D$509)=D75,'75'!F75) -> ok
A76: michael p richards | B76: michael richards | C76: A5005684483 | D76: A5019215400 | E76: 94 | F76: =IF(_xlfn.XLOOKUP(C76,'75'!$C$2:$C$509,'75'!$D$2:$D$509)=D76,'75'!F76) -> ok
A77: bernhard e riecke | B77: bernhard rieke | C77: A5016706227 | D77: A5108830512 | E77: 90 | F77: =IF(_xlfn.XLOOKUP(C77,'75'!$C$2:$C$509,'75'!$D$2:$D$509)=D77,'75'!F77) -> no
A78: stephen n robinovitch | B78: stephen n robinovich | C78: A5017663407 | D78: A5007182790 | E78: 98 | F78: ok
A79: steven reynolds | B79: steve reynolds | C79: A5009546214 | D79: A5109852452 | E79: 97 | F79: =IF(_xlfn.XLOOKUP(C79,'75'!$C$2:$C$509,'75'!$D$2:$D$509)=D79,'75'!F79) -> no
A80: sarah robinson | B80: sarah j robinson | C80: A5086557273 | D80: A5034966587 | E80: 93 | F80: =IF(_xlfn.XLOOKUP(C80,'75'!$C$2:$C$509,'75'!$D$2:$D$509)=D80,'75'!F80) -> no
A81: eline a de rooij | B81: eline de rooij | C81: A5021349143 | D81: A5053298356 | E81: 93 | F81: =IF(_xlfn.XLOOKUP(C81,'75'!$C$2:$C$509,'75'!$D$2:$D$509)=D81,'75'!F81) -> no
A82: chase l radford | B82: chase radford | C82: A5007555900 | D82: A5035799498 | E82: 93 | F82: =IF(_xlfn.XLOOKUP(C82,'75'!$C$2:$C$509,'75'!$D$2:$D$509)=D82,'75'!F82) -> no
A83: ramani ramaseshan | B83: ramani remaseshan | C83: A5103840556 | D83: A5092835365 | E83: 94 | F83: =IF(_xlfn.XLOOKUP(C83,'75'!$C$2:$C$509,'75'!$D$2:$D$509)=D83,'75'!F83) -> no
A84: lauren faulkner rossi | B84: lauren n faulkner rossi | C84: A5023044639 | D84: A5072640534 | E84: 95 | F84: =IF(_xlfn.XLOOKUP(C84,'75'!$C$2:$C$509,'75'!$D$2:$D$509)=D84,'75'!F84) -> no
A85: javairia rahim | B85: javaria f rahim | C85: A5006521692 | D85: A5055183771 | E85: 90 | F85: =IF(_xlfn.XLOOKUP(C85,'75'!$C$2:$C$509,'75'!$D$2:$D$509)=D85,'75'!F85) -> no
A86: z john shen | B86: john shen | C86: A5013766145 | D86: A5063633720 | E86: 90 | F86: =IF(_xlfn.XLOOKUP(C86,'75'!$C$2:$C$509,'75'!$D$2:$D$509)=D86,'75'!F86) -> no
A87: wolfgang stuerzlinger | B87: wolfgang stÃ¼rzlinger | C87: A5085460170 | D87: A5106113183 | E87: 93 | F87: =IF(_xlfn.XLOOKUP(C87,'75'!$C$2:$C$509,'75'!$D$2:$D$509)=D87,'75'!F87) -> no
A88: nadine schuurman | B88: nadine schuurmann | C88: A5071764220 | D88: A5014876465 | E88: 97 | F88: =IF(_xlfn.XLOOKUP(C88,'75'!$C$2:$C$509,'75'!$D$2:$D$509)=D88,'75'!F88) -> no
A89: hasina samji | B89: hasina shamji | C89: A5032853894 | D89: A5003602094 | E89: 96 | F89: =IF(_xlfn.XLOOKUP(C89,'75'!$C$2:$C$509,'75'!$D$2:$D$509)=D89,'75'!F89) -> no
A90: michÃ¨le schmidt | B90: michelle schmidt | C90: A5091617213 | D90: A5039633290 | E90: 90 | F90: =IF(_xlfn.XLOOKUP(C90,'75'!$C$2:$C$509,'75'!$D$2:$D$509)=D90,'75'!F90) -> no
... A99: david g t whitehurst | B99: david gt whitehirst | C99: A5045933977 | D99: A5113131774 | E99: 92 | F99: =IF(_xlfn.XLOOKUP(C99,'75'!$C$2:$C$509,'75'!$D$2:$D$509)=D99,'75'!F99) -> ok
A100: bixia wang | B100: bi-xia wang | C100: A5052919764 | D100: A5113040768 | E100: 95 | F100: ok
A101: xing-dong yang | B101: xingdong yang | C101: A5084933066 | D101: A5111939848 | E101: 96 | F101: =IF(_xlfn.XLOOKUP(C101,'75'!$C$2:$C$509,'75'!$D$2:$D$509)=D101,'75'!F101) -> ok
A102: m a yakovlev | B102: m yakovlev | C102: A5050510999 | D102: A5085376161 | E102: 91 | F102: =IF(_xlfn.XLOOKUP(C102,'75'!$C$2:$C$509,'75'!$D$2:$D$509)=D102,'75'!F102) -> ok
A103: vanja zdjelar | B103: ivana zdjelar | C103: A5025292022 | D103: A5114472761 | E103: 92 | F103: =IF(_xlfn.XLOOKUP(C103,'75'!$C$2:$C$509,'75'!$D$2:$D$509)=D103,'75'!F103) -> ok

Sheet comparisons
B1: 75 | C1: 78 | D1: 80 | E1: 82 | F1: 85 | G1: 88 | H1: 90
A2: Proportion Correct | B2: {='75'!I2:I3} -> 0.37401575 | C2: {='78'!I2:I3} -> 0.40532544 | D2: {='80'!I2:I3} -> 0.38487973 | E2: {='82'!I2:I3} -> 0.40454545 | F2: {='85'!I2:I3} -> 0.44936709 | G2: {='88'!I2:I3} -> 0.41803279 | H2: {='90'!I2:I3} -> 0.40196078
A3: Proportion Wrong | B3: 0.62598425 | C3: 0.59467456 | D3: 0.61512027 | E3: 0.59545455 | F3: 0.55063291 | G3: 0.58196721 | H3: 0.59803922
B5: 75 | C5: 78 | D5: 80 | E5: 82 | F5: 85 | G5: 88 | H5: 90
A6: Count Correct | B6: {='75'!J2:J3} -> 190 | C6: {='78'!J2:J3} -> 137 | D6: {='80'!J2:J3} -> 112 | E6: {='82'!J2:J3} -> 89 | F6: {='85'!J2:J3} -> 71 | G6: {='88'!J2:J3} -> 51 | H6: {='90'!J2:J3} -> 41
A7: Count Wrong | B7: 318 | C7: 201 | D7: 179 | E7: 131 | F7: 87 | G7: 71 | H7: 61
