Workbook

Sheet 75
A1: name1 | B1: name2 | C1: id1 | D1: id2 | E1: similarity_score | F1: ok/no?
A2: ahmed khalid al-rawi | B2: ahmed al-rawi | C2: 55683085700 | D2: 59265299800 | E2: 79 | F2: ok | H2: %ok | I2: =COUNTIF(F2:F1142, "ok")/1141 -> 0.11481157 | J2: =COUNTIF(F2:F1142, "ok") -> 131
A3: sean c anderson | B3: aspen m anderson | C3: 25930284300 | D3: 57194637587 | E3: 84 | F3: no | H3: %no | I3: =COUNTIF(F2:F1142, "no")/1141 -> 0.88518843 | J3: =COUNTIF(F2:F1142, "no") -> 1010
A4: sean c anderson | B4: sam anderson | C4: 25930284300 | D4: 57204007272 | E4: 81 | F4: no
A5: sean c anderson | B5: benjamin anderson | C5: 25930284300 | D5: 57373810700 | E5: 75 | F5: no
A6: michael m adachi | B6: michael adamski | C6: 16432591400 | D6: 57195037162 | E6: 77 | F6: no
A7: gail s anderson | B7: taylor m anderson | C7: 7404223891 | D7: 56902130900 | E7: 75 | F7: no
A8: juan josÃ© alava | B8: juan jose alava saltos | C8: 12139754400 | D8: 59262283800 | E8: 76 | F8: ok
A9: ribwar ahmadi | B9: parisa ahmadi | C9: 57278170200 | D9: 57212063223 | E9: 77 | F9: no
A10: mohammad akbari | B10: mohammad amani | C10: 57212395140 | D10: 56239028500 | E10: 83 | F10: no
A11: taylor m anderson | B11: sam anderson | C11: 56902130900 | D11: 57204007272 | E11: 76 | F11: no
A12: kathleen a akins | B12: kathleen akinsc | C12: 55105815400 | D12: 57216688017 | E12: 90 | F12: ok
A13: hafiz munsub ali | B13: munsub ali | C13: 57191580250 | D13: 57208174775 | E13: 77 | F13: ok
A14: oluwafemi akintola | B14: oluwafemi s akintola | C14: 57218423351 | D14: 56965067200 | E14: 95 | F14: ok
A15: payam ahmadvand | B15: maryam ahmadzadeh | C15: 55229314100 | D15: 57216210553 | E15: 75 | F15: no
... A1142: rui zhang | B1142: lin zhang | C1142: 57445736500 | D1142: 59814155200 | E1142: 78 | F1142: no

Sheet 78
A1: name1 | B1: name2 | C1: id1 | D1: id2 | E1: similarity_score | F1: ok/no?
A2: ahmed khalid al-rawi | B2: ahmed al-rawi | C2: 55683085700 | D2: 59265299800 | E2: 79 | F2: =_xlfn.XLOOKUP(C2, '75'!$C$2:$C$1142, '75'!$F$2:$F$1142) -> ok | H2: %ok | I2: =COUNTIF(F2:F665, "ok")/664 -> 0.18222892 | J2: =I2*664 -> 121
A3: sean c anderson | B3: aspen m anderson | C3: 25930284300 | D3: 57194637587 | E3: 84 | F3: =_xlfn.XLOOKUP(C3, '75'!$C$2:$C$1142, '75'!$F$2:$F$1142) -> no | H3: %no | I3: =COUNTIF(F2:F665, "no")/664 -> 0.81777108 | J3: =I3*664 -> 543
A4: sean c anderson | B4: sam anderson | C4: 25930284300 | D4: 57204007272 | E4: 81 | F4: =_xlfn.XLOOKUP(C4, '75'!$C$2:$C$1142, '75'!$F$2:$F$1142) -> no
A5: mohammad akbari | B5: mohammad amani | C5: 57212395140 | D5: 56239028500 | E5: 83 | F5: =_xlfn.XLOOKUP(C5, '75'!$C$2:$C$1142, '75'!$F$2:$F$1142) -> no
A6: kathleen a akins | B6: kathleen akinsc | C6: 55105815400 | D6: 57216688017 | E6: 90 | F6: =_xlfn.XLOOKUP(C6, '75'!$C$2:$C$1142, '75'!$F$2:$F$1142) -> ok
A7: oluwafemi akintola | B7: oluwafemi s akintola | C7: 57218423351 | D7: 56965067200 | E7: 95 | F7: =_xlfn.XLOOKUP(C7, '75'!$C$2:$C$1142, '75'!$F$2:$F$1142) -> ok
A8: hossein asghari | B8: amirhossein ansari | C8: 57194972852 | D8: 59422200500 | E8: 79 | F8: =_xlfn.XLOOKUP(C8, '75'!$C$2:$C$1142, '75'!$F$2:$F$1142) -> no
A9: niloufar abhari | B9: niloufar aran | C9: 58066423600 | D9: 57217853663 | E9: 79 | F9: =_xlfn.XLOOKUP(C9, '75'!$C$2:$C$1142, '75'!$F$2:$F$1142) -> no
A10: aspen m anderson | B10: sam anderson | C10: 57194637587 | D10: 57204007272 | E10: 79 | F10: =_xlfn.XLOOKUP(C10, '75'!$C$2:$C$1142, '75'!$F$2:$F$1142) -> no
A11: stella atkins | B11: m stella atkins | C11: 56654006700 | D11: 7102310616 | E11: 93 | F11: =_xlfn.XLOOKUP(C11, '75'!$C$2:$C$1142, '75'!$F$2:$F$1142) -> ok
A12: nadra ansari | B12: neda anvari | C12: 57226561776 | D12: 57216630328 | E12: 78 | F12: =_xlfn.XLOOKUP(C12, '75'!$C$2:$C$1142, '75'!$F$2:$F$1142) -> no
A13: Ã©ric m beauregard | B13: eric beauregarda | C13: 17344924200 | D13: 59806848700 | E13: 85 | F13: =_xlfn.XLOOKUP(C13, '75'!$C$2:$C$1142, '75'!$F$2:$F$1142) -> ok
A14: ivan v bajic | B14: ivan v bajjc | C14: 6602479101 | D14: 59465106300 | E14: 92 | F14: =_xlfn.XLOOKUP(C14, '75'!$C$2:$C$1142, '75'!$F$2:$F$1142) -> ok
A15: ivan v bajic | B15: lvan v bajic | C15: 6602479101 | D15: 59119893600 | E15: 92 | F15: =_xlfn.XLOOKUP(C15, '75'!$C$2:$C$1142, '75'!$F$2:$F$1142) -> ok
... A665: rui zhang | B665: lin zhang | C665: 57445736500 | D665: 59814155200 | E665: 78 | F665: =_xlfn.XLOOKUP(C665, '75'!$C$2:$C$1142, '75'!$F$2:$F$1142) -> no

Sheet 80
A1: name1 | B1: name2 | C1: id1 | D1: id2 | E1: similarity_score | F1: ok/no?
A2: sean c anderson | B2: aspen m anderson | C2: 25930284300 | D2: 57194637587 | E2: 84 | F2: =_xlfn.XLOOKUP(C2, '75'!$C$2:$C$1142, '75'!$F$2:$F$1142) -> no | H2: %ok | I2: =COUNTIF(F2:F478, "ok")/477 -> 0.22851153 | J2: =I2*477 -> 109
A3: sean c anderson | B3: sam anderson | C3: 25930284300 | D3: 57204007272 | E3: 81 | F3: =_xlfn.XLOOKUP(C3, '75'!$C$2:$C$1142, '75'!$F$2:$F$1142) -> no | I3: =COUNTIF(F2:F478, "no")/477 -> 0.77148847 | J3: =I3*477 -> 368
A4: mohammad akbari | B4: mohammad amani | C4: 57212395140 | D4: 56239028500 | E4: 83 | F4: =_xlfn.XLOOKUP(C4, '75'!$C$2:$C$1142, '75'!$F$2:$F$1142) -> no
A5: kathleen a akins | B5: kathleen akinsc | C5: 55105815400 | D5: 57216688017 | E5: 90 | F5: =_xlfn.XLOOKUP(C5, '75'!$C$2:$C$1142, '75'!$F$2:$F$1142) -> ok
A6: oluwafemi akintola | B6: oluwafemi s akintola | C6: 57218423351 | D6: 56965067200 | E6: 95 | F6: =_xlfn.XLOOKUP(C6, '75'!$C$2:$C$1142, '75'!$F$2:$F$1142) -> ok
A7: stella atkins | B7: m stella atkins | C7: 56654006700 | D7: 7102310616 | E7: 93 | F7: =_xlfn.XLOOKUP(C7, '75'!$C$2:$C$1142, '75'!$F$2:$F$1142) -> ok
A8: Ã©ric m beauregard | B8: eric beauregarda | C8: 17344924200 | D8: 59806848700 | E8: 85 | F8: =_xlfn.XLOOKUP(C8, '75'!$C$2:$C$1142, '75'!$F$2:$F$1142) -> ok
A9: ivan v bajic | B9: ivan v bajjc | C9: 6602479101 | D9: 59465106300 | E9: 92 | F9: =_xlfn.XLOOKUP(C9, '75'!$C$2:$C$1142, '75'!$F$2:$F$1142) -> ok
A10: ivan v bajic | B10: lvan v bajic | C10: 6602479101 | D10: 59119893600 | E10: 92 | F10: =_xlfn.XLOOKUP(C10, '75'!$C$2:$C$1142, '75'!$F$2:$F$1142) -> ok
A11: robert a britton | B11: robert bittner | C11: 7101816384 | D11: 57207558396 | E11: 80 | F11: =_xlfn.XLOOKUP(C11, '75'!$C$2:$C$1142, '75'!$F$2:$F$1142) -> no
A12: heesoon bai | B12: beesoon bai | C12: 42760951000 | D12: 57937968100 | E12: 91 | F12: =_xlfn.XLOOKUP(C12, '75'!$C$2:$C$1142, '75'!$F$2:$F$1142) -> ok
A13: derek r bingham | B13: derek bingham | C13: 57204216471 | D13: 7004856179 | E13: 93 | F13: =_xlfn.XLOOKUP(C13, '75'!$C$2:$C$1142, '75'!$F$2:$F$1142) -> ok
A14: nicole s berry | B14: nicole m berg | C14: 24402486100 | D14: 59751141900 | E14: 81 | F14: =_xlfn.XLOOKUP(C14, '75'!$C$2:$C$1142, '75'!$F$2:$F$1142) -> no
A15: david v burley | B15: avid v burley | C15: 7004232335 | D15: 57218515194 | E15: 96 | F15: =_xlfn.XLOOKUP(C15, '75'!$C$2:$C$1142, '75'!$F$2:$F$1142) -> ok
... A478: xin zhang | B478: lin zhang | C478: 56591076800 | D478: 59814155200 | E478: 89 | F478: =_xlfn.XLOOKUP(C478, '75'!$C$2:$C$1142, '75'!$F$2:$F$1142) -> no

Sheet 82
A1: name1 | B1: name2 | C1: id1 | D1: id2 | E1: similarity_score | F1: ok/no?
A2: sean c anderson | B2: aspen m anderson | C2: 25930284300 | D2: 57194637587 | E2: 84 | F2: =_xlfn.XLOOKUP(C2, '75'!$C$2:$C$1142, '75'!$F$2:$F$1142) -> no | H2: %ok | I2: =COUNTIF(F2:F316, "ok")/315 -> 0.31428571 | J2: =I2*315 -> 99
A3: mohammad akbari | B3: mohammad amani | C3: 57212395140 | D3: 56239028500 | E3: 83 | F3: =_xlfn.XLOOKUP(C3, '75'!$C$2:$C$1142, '75'!$F$2:$F$1142) -> no | I3: =COUNTIF(F2:F316, "no")/315 -> 0.68571429 | J3: =I3*315 -> 216
A4: kathleen a akins | B4: kathleen akinsc | C4: 55105815400 | D4: 57216688017 | E4: 90 | F4: =_xlfn.XLOOKUP(C4, '75'!$C$2:$C$1142, '75'!$F$2:$F$1142) -> ok
A5: oluwafemi akintola | B5: oluwafemi s akintola | C5: 57218423351 | D5: 56965067200 | E5: 95 | F5: =_xlfn.XLOOKUP(C5, '75'!$C$2:$C$1142, '75'!$F$2:$F$1142) -> ok
A6: stella atkins | B6: m stella atkins | C6: 56654006700 | D6: 7102310616 | E6: 93 | F6: =_xlfn.XLOOKUP(C6, '75'!$C$2:$C$1142, '75'!$F$2:$F$1142) -> ok
A7: Ã©ric m beauregard | B7: eric beauregarda | C7: 17344924200 | D7: 59806848700 | E7: 85 | F7: =_xlfn.XLOOKUP(C7, '75'!$C$2:$C$1142, '75'!$F$2:$F$1142) -> ok
A8: ivan v bajic | B8: ivan v bajjc | C8: 6602479101 | D8: 59465106300 | E8: 92 | F8: =_xlfn.XLOOKUP(C8, '75'!$C$2:$C$1142, '75'!$F$2:$F$1142) -> ok
A9: ivan v bajic | B9: lvan v bajic | C9: 6602479101 | D9: 59119893600 | E9: 92 | F9: =_xlfn.XLOOKUP(C9, '75'!$C$2:$C$1142, '75'!$F$2:$F$1142) -> ok
A10: heesoon bai | B10: beesoon bai | C10: 42760951000 | D10: 57937968100 | E10: 91 | F10: =_xlfn.XLOOKUP(C10, '75'!$C$2:$C$1142, '75'!$F$2:$F$1142) -> ok
A11: derek r bingham | B11: derek bingham | C11: 57204216471 | D11: 7004856179 | E11: 93 | F11: =_xlfn.XLOOKUP(C11, '75'!$C$2:$C$1142, '75'!$F$2:$F$1142) -> ok
A12: david v burley | B12: avid v burley | C12: 7004232335 | D12: 57218515194 | E12: 96 | F12: =_xlfn.XLOOKUP(C12, '75'!$C$2:$C$1142, '75'!$F$2:$F$1142) -> ok
A13: tom c brown | B13: tom brown | C13: 24433859000 | D13: 57225808826 | E13: 90 | F13: =_xlfn.XLOOKUP(C13, '75'!$C$2:$C$1142, '75'!$F$2:$F$1142) -> ok
A14: ethan brown | B14: sean brown | C14: 59467571400 | D14: 57543086500 | E14: 86 | F14: =_xlfn.XLOOKUP(C14, '75'!$C$2:$C$1142, '75'!$F$2:$F$1142) -> no
A15: ivan v bajjc | B15: lvan v bajic | C15: 59465106300 | D15: 59119893600 | E15: 83 | F15: =_xlfn.XLOOKUP(C15, '75'!$C$2:$C$1142, '75'!$F$2:$F$1142) -> ok
... A316: xin zhang | B316: lin zhang | C316: 56591076800 | D316: 59814155200 | E316: 89 | F316: =_xlfn.XLOOKUP(C316, '75'!$C$2:$C$1142, '75'!$F$2:$F$1142) -> no

Sheet 85
A1: name1 | B1: name2 | C1: id1 | D1: id2 | E1: similarity_score | F1: ok/no?
A2: kathleen a akins | B2: kathleen akinsc | C2: 55105815400 | D2: 57216688017 | E2: 90 | F2: =_xlfn.XLOOKUP(C2, '75'!$C$2:$C$1142, '75'!$F$2:$F$1142) -> ok | H2: %ok | I2: =COUNTIF(F2:F202, "ok")/201 -> 0.43781095 | J2: =I2*201 -> 88
A3: oluwafemi akintola | B3: oluwafemi s akintola | C3: 57218423351 | D3: 56965067200 | E3: 95 | F3: =_xlfn.XLOOKUP(C3, '75'!$C$2:$C$1142, '75'!$F$2:$F$1142) -> ok | I3: =COUNTIF(F2:F202, "no")/201 -> 0.56218905 | J3: =I3*201 -> 113
A4: stella atkins | B4: m stella atkins | C4: 56654006700 | D4: 7102310616 | E4: 93 | F4: =_xlfn.XLOOKUP(C4, '75'!$C$2:$C$1142, '75'!$F$2:$F$1142) -> ok
A5: Ã©ric m beauregard | B5: eric beauregarda | C5: 17344924200 | D5: 59806848700 | E5: 85 | F5: =_xlfn.XLOOKUP(C5, '75'!$C$2:$C$1142, '75'!$F$2:$F$1142) -> ok
A6: ivan v bajic | B6: ivan v bajjc | C6: 6602479101 | D6: 59465106300 | E6: 92 | F6: =_xlfn.XLOOKUP(C6, '75'!$C$2:$C$1142, '75'!$F$2:$F$1142) -> ok
A7: ivan v bajic | B7: lvan v bajic | C7: 6602479101 | D7: 59119893600 | E7: 92 | F7: =_xlfn.XLOOKUP(C7, '75'!$C$2:$C$1142, '75'!$F$2:$F$1142) -> ok
A8: heesoon bai | B8: beesoon bai | C8: 42760951000 | D8: 57937968100 | E8: 91 | F8: =_xlfn.XLOOKUP(C8, '75'!$C$2:$C$1142, '75'!$F$2:$F$1142) -> ok
A9: derek r bingham | B9: derek bingham | C9: 57204216471 | D9: 7004856179 | E9: 93 | F9: =_xlfn.XLOOKUP(C9, '75'!$C$2:$C$1142, '75'!$F$2:$F$1142) -> ok
A10: david v burley | B10: avid v burley | C10: 7004232335 | D10: 57218515194 | E10: 96 | F10: =_xlfn.XLOOKUP(C10, '75'!$C$2:$C$1142, '75'!$F$2:$F$1142) -> ok
A11: tom c brown | B11: tom brown | C11: 24433859000 | D11: 57225808826 | E11: 90 | F11: =_xlfn.XLOOKUP(C11, '75'!$C$2:$C$1142, '75'!$F$2:$F$1142) -> ok
A12: ethan brown | B12: sean brown | C12: 59467571400 | D12: 57543086500 | E12: 86 | F12: =_xlfn.XLOOKUP(C12, '75'!$C$2:$C$1142, '75'!$F$2:$F$1142) -> no
A13: alishba bilal | B13: alishba bibal | C13: 58480796700 | D13: 59482580700 | E13: 92 | F13: =_xlfn.XLOOKUP(C13, '75'!$C$2:$C$1142, '75'!$F$2:$F$1142) -> ok
A14: julien chopin | B14: julien chopinb | C14: 57195104543 | D14: 59812475700 | E14: 96 | F14: =_xlfn.XLOOKUP(C14, '75'!$C$2:$C$1142, '75'!$F$2:$F$1142) -> ok
A15: isabelle m cÃ´tÃ© | B15: isabelle m cÈtÃ© | C15: 7005488549 | D15: 58680470600 | E15: 93 | F15: =_xlfn.XLOOKUP(C15, '75'!$C$2:$C$1142, '75'!$F$2:$F$1142) -> ok
... A202: xin zhang | B202: lin zhang | C202: 56591076800 | D202: 59814155200 | E202: 89 | F202: =_xlfn.XLOOKUP(C202, '75'!$C$2:$C$1142, '75'!$F$2:$F$1142) -> no

Sheet 88
A1: name1 | B1: name2 | C1: id1 | D1: id2 | E1: similarity_score | F1: ok/no?
A2: kathleen a akins | B2: kathleen akinsc | C2: 55105815400 | D2: 57216688017 | E2: 90 | F2: =_xlfn.XLOOKUP(C2, '75'!$C$2:$C$1142, '75'!$F$2:$F$1142) -> ok | H2: %ok | I2: =COUNTIF(F2:F138, "ok")/137 -> 0.57664234 | J2: =I2*137 -> 79
A3: oluwafemi akintola | B3: oluwafemi s akintola | C3: 57218423351 | D3: 56965067200 | E3: 95 | F3: =_xlfn.XLOOKUP(C3, '75'!$C$2:$C$1142, '75'!$F$2:$F$1142) -> ok | I3: =COUNTIF(F2:F138, "no")/137 -> 0.42335766 | J3: =I3*137 -> 58
A4: stella atkins | B4: m stella atkins | C4: 56654006700 | D4: 7102310616 | E4: 93 | F4: =_xlfn.XLOOKUP(C4, '75'!$C$2:$C$1142, '75'!$F$2:$F$1142) -> ok
A5: ivan v bajic | B5: ivan v bajjc | C5: 6602479101 | D5: 59465106300 | E5: 92 | F5: =_xlfn.XLOOKUP(C5, '75'!$C$2:$C$1142, '75'!$F$2:$F$1142) -> ok
A6: ivan v bajic | B6: lvan v bajic | C6: 6602479101 | D6: 59119893600 | E6: 92 | F6: =_xlfn.XLOOKUP(C6, '75'!$C$2:$C$1142, '75'!$F$2:$F$1142) -> ok
A7: heesoon bai | B7: beesoon bai | C7: 42760951000 | D7: 57937968100 | E7: 91 | F7: =_xlfn.XLOOKUP(C7, '75'!$C$2:$C$1142, '75'!$F$2:$F$1142) -> ok
A8: derek r bingham | B8: derek bingham | C8: 57204216471 | D8: 7004856179 | E8: 93 | F8: =_xlfn.XLOOKUP(C8, '75'!$C$2:$C$1142, '75'!$F$2:$F$1142) -> ok
A9: david v burley | B9: avid v burley | C9: 7004232335 | D9: 57218515194 | E9: 96 | F9: =_xlfn.XLOOKUP(C9, '75'!$C$2:$C$1142, '75'!$F$2:$F$1142) -> ok
A10: tom c brown | B10: tom brown | C10: 24433859000 | D10: 57225808826 | E10: 90 | F10: =_xlfn.XLOOKUP(C10, '75'!$C$2:$C$1142, '75'!$F$2:$F$1142) -> ok
A11: alishba bilal | B11: alishba bibal | C11: 58480796700 | D11: 59482580700 | E11: 92 | F11: =_xlfn.XLOOKUP(C11, '75'!$C$2:$C$1142, '75'!$F$2:$F$1142) -> ok
A12: julien chopin | B12: julien chopinb | C12: 57195104543 | D12: 59812475700 | E12: 96 | F12: =_xlfn.XLOOKUP(C12, '75'!$C$2:$C$1142, '75'!$F$2:$F$1142) -> ok
A13: isabelle m cÃ´tÃ© | B13: isabelle m cÈtÃ© | C13: 7005488549 | D13: 58680470600 | E13: 93 | F13: =_xlfn.XLOOKUP(C13, '75'!$C$2:$C$1142, '75'!$F$2:$F$1142) -> ok
A14: caroline colijn | B14: caroline coljin | C14: 16416871500 | D14: 57221322504 | E14: 93 | F14: =_xlfn.XLOOKUP(C14, '75'!$C$2:$C$1142, '75'!$F$2:$F$1142) -> ok
A15: d s cross | B15: d c cross | C15: 12645477200 | D15: 58313184000 | E15: 89 | F15: =_xlfn.XLOOKUP(C15, '75'!$C$2:$C$1142, '75'!$F$2:$F$1142) -> no
... A138: xin zhang | B138: lin zhang | C138: 56591076800 | D138: 59814155200 | E138: 89 | F138: =_xlfn.XLOOKUP(C138, '75'!$C$2:$C$1142, '75'!$F$2:$F$1142) -> no

Sheet 90
A1: name1 | B1: name2 | C1: id1 | D1: id2 | E1: similarity_score | F1: ok/no?
A2: kathleen a akins | B2: kathleen akinsc | C2: 55105815400 | D2: 57216688017 | E2: 90 | F2: =_xlfn.XLOOKUP(C2, '75'!$C$2:$C$1142, '75'!$F$2:$F$1142) -> ok | H2: %ok | I2: =COUNTIF(F2:F110, "ok")/109 -> 0.71559633 | J2: =I2*109 -> 78
A3: oluwafemi akintola | B3: oluwafemi s akintola | C3: 57218423351 | D3: 56965067200 | E3: 95 | F3: =_xlfn.XLOOKUP(C3, '75'!$C$2:$C$1142, '75'!$F$2:$F$1142) -> ok | I3: =COUNTIF(F2:F110, "no")/109 -> 0.28440367 | J3: =I3*109 -> 31
A4: stella atkins | B4: m stella atkins | C4: 56654006700 | D4: 7102310616 | E4: 93 | F4: =_xlfn.XLOOKUP(C4, '75'!$C$2:$C$1142, '75'!$F$2:$F$1142) -> ok
A5: ivan v bajic | B5: ivan v bajjc | C5: 6602479101 | D5: 59465106300 | E5: 92 | F5: =_xlfn.XLOOKUP(C5, '75'!$C$2:$C$1142, '75'!$F$2:$F$1142) -> ok
A6: ivan v bajic | B6: lvan v bajic | C6: 6602479101 | D6: 59119893600 | E6: 92 | F6: =_xlfn.XLOOKUP(C6, '75'!$C$2:$C$1142, '75'!$F$2:$F$1142) -> ok
A7: heesoon bai | B7: beesoon bai | C7: 42760951000 | D7: 57937968100 | E7: 91 | F7: =_xlfn.XLOOKUP(C7, '75'!$C$2:$C$1142, '75'!$F$2:$F$1142) -> ok
A8: derek r bingham | B8: derek bingham | C8: 57204216471 | D8: 7004856179 | E8: 93 | F8: =_xlfn.XLOOKUP(C8, '75'!$C$2:$C$1142, '75'!$F$2:$F$1142) -> ok
A9: david v burley | B9: avid v burley | C9: 7004232335 | D9: 57218515194 | E9: 96 | F9: =_xlfn.XLOOKUP(C9, '75'!$C$2:$C$1142, '75'!$F$2:$F$1142) -> ok
A10: tom c brown | B10: tom brown | C10: 24433859000 | D10: 57225808826 | E10: 90 | F10: =_xlfn.XLOOKUP(C10, '75'!$C$2:$C$1142, '75'!$F$2:$F$1142) -> ok
A11: alishba bilal | B11: alishba bibal | C11: 58480796700 | D11: 59482580700 | E11: 92 | F11: =_xlfn.XLOOKUP(C11, '75'!$C$2:$C$1142, '75'!$F$2:$F$1142) -> ok
A12: julien chopin | B12: julien chopinb | C12: 57195104543 | D12: 59812475700 | E12: 96 | F12: =_xlfn.XLOOKUP(C12, '75'!$C$2:$C$1142, '75'!$F$2:$F$1142) -> ok
A13: isabelle m cÃ´tÃ© | B13: isabelle m cÈtÃ© | C13: 7005488549 | D13: 58680470600 | E13: 93 | F13: =_xlfn.XLOOKUP(C13, '75'!$C$2:$C$1142, '75'!$F$2:$F$1142) -> ok
A14: caroline colijn | B14: caroline coljin | C14: 16416871500 | D14: 57221322504 | E14: 93 | F14: =_xlfn.XLOOKUP(C14, '75'!$C$2:$C$1142, '75'!$F$2:$F$1142) -> ok
A15: ying chen | B15: yiting chen | C15: 56040387500 | D15: 59353414700 | E15: 90 | F15: =_xlfn.XLOOKUP(C15, '75'!$C$2:$C$1142, '75'!$F$2:$F$1142) -> no
... A110: xilun zhang | B110: xin zhang | C110: 57545971500 | D110: 56591076800 | E110: 90 | F110: =_xlfn.XLOOKUP(C110, '75'!$C$2:$C$1142, '75'!$F$2:$F$1142) -> no

Sheet comparison
B1: 75 | C1: 78 | D1: 80 | E1: 82 | F1: 85 | G1: 88 | H1: 90
A2: Proportion Correct | B2: {='75'!I2:I3} -> 0.11481157 | C2: {='78'!I2:I3} -> 0.18222892 | D2: {='80'!I2:I3} -> 0.22851153 | E2: {='82'!I2:I3} -> 0.31428571 | F2: {='85'!I2:I3} -> 0.43781095 | G2: {='88'!I2:I3} -> 0.57664234 | H2: {='90'!I2:I3} -> 0.71559633
A3: Proportion Wrong | B3: 0.88518843 | C3: 0.81777108 | D3: 0.77148847 | E3: 0.68571429 | F3: 0.56218905 | G3: 0.42335766 | H3: 0.28440367
B5: 75 | C5: 78 | D5: 80 | E5: 82 | F5: 85 | G5: 88 | H5: 90
A6: Count Correct | B6: {='75'!J2:J3} -> 131 | C6: {='78'!J2:J3} -> 121 | D6: {='80'!J2:J3} -> 109 | E6: {='82'!J2:J3} -> 99 | F6: {='85'!J2:J3} -> 88 | G6: {='88'!J2:J3} -> 79 | H6: {='90'!J2:J3} -> 78
A7: Count Wrong | B7: 1010 | C7: 543 | D7: 368 | E7: 216 | F7: 113 | G7: 58 | H7: 31
M10: wow!
